u1,u2,n_groups,n_venues,weight_idf
169,1083,26,10,18.271914
188,440,13,1,11.83311
391,834,14,9,10.925157
57,696,12,1,10.922871
989,1042,15,2,10.392879
440,647,25,1,9.016844
155,392,8,1,7.281914
154,602,9,6,6.888219
388,409,7,1,6.371675
555,617,10,8,5.429223
474,521,18,1,4.728552
187,1000,24,1,4.420422
125,1040,11,1,4.168155
402,1060,21,1,4.127686
477,1043,7,2,3.928035
203,440,4,1,3.640957
647,663,4,1,3.640957
407,806,9,9,3.605094
14,96,15,1,3.403893
767,916,6,1,3.08339
521,1044,6,1,2.88539
842,928,8,5,2.861987
282,890,5,1,2.790553
425,684,3,1,2.730718
375,1051,5,4,2.669369
453,766,12,1,2.629072
187,626,14,1,2.57858
991,1009,5,2,2.578369
591,681,7,7,2.514147
465,561,5,1,2.404492
688,1076,5,5,2.390688
480,658,7,1,2.377363
181,1000,9,1,2.3006
364,463,6,4,2.216322
511,742,7,1,2.174672
354,913,3,1,2.164043
157,379,3,1,2.164043
282,405,4,2,2.108626
684,941,5,5,2.033965
408,1058,10,1,1.965565
1044,1060,10,1,1.965565
784,992,3,2,1.859727
688,760,4,3,1.851962
626,1000,10,1,1.841843
280,432,2,1,1.820478
706,1006,2,2,1.820478
673,724,2,2,1.820478
211,648,2,1,1.820478
168,376,2,1,1.820478
314,817,2,2,1.820478
534,689,7,1,1.818112
676,737,3,3,1.723972
649,868,3,3,1.69749
352,866,3,3,1.694551
583,702,3,1,1.541695
1000,1082,6,1,1.533733
297,912,3,3,1.478003
187,1083,8,1,1.473474
310,904,3,3,1.472662
187,922,6,1,1.465436
280,713,3,2,1.462091
354,484,2,1,1.442695
42,527,2,1,1.442695
120,474,3,1,1.442695
168,652,2,1,1.442695
34,143,3,1,1.442695
710,922,7,1,1.42067
458,819,4,1,1.411824
371,762,5,2,1.362034
471,768,5,2,1.346227
500,521,5,1,1.313487
467,521,5,1,1.313487
42,514,5,1,1.313487
474,494,5,1,1.313487
354,527,4,4,1.312962
89,651,3,3,1.306446
273,908,2,2,1.279458
680,783,3,1,1.251097
730,1019,3,1,1.251097
463,1066,2,1,1.24267
354,511,4,1,1.24267
471,922,5,1,1.221197
412,842,5,1,1.221197
187,201,5,1,1.221197
187,471,5,1,1.221197
201,922,5,1,1.221197
167,371,5,1,1.221197
90,842,5,1,1.221197
647,746,4,2,1.204473
268,786,2,2,1.185147
768,922,5,2,1.17991
402,527,6,1,1.179339
254,1015,3,3,1.166926
354,742,2,2,1.149795
365,719,2,2,1.139101
181,1082,4,2,1.12754
458,916,2,1,1.116221
178,1077,2,1,1.116221
178,359,2,1,1.116221
468,678,2,1,1.116221
760,1076,2,2,1.076455
319,664,2,2,1.072009
635,933,3,2,1.06678
375,756,2,2,1.055629
494,521,4,1,1.050789
467,474,4,1,1.050789
267,922,4,3,1.04531
474,495,4,2,1.043385
621,816,2,2,1.038367
187,242,3,3,1.035511
527,767,4,1,1.027797
702,1020,2,1,1.027797
543,803,2,1,1.027797
345,846,2,1,1.027797
397,448,2,1,1.027797
813,885,2,1,1.027797
373,480,3,1,1.01887
62,257,3,1,1.01887
267,412,4,2,1.018718
412,762,4,2,1.018718
156,328,4,2,1.015044
527,1014,4,2,1.002377
238,527,4,2,0.993011
402,1044,5,1,0.982782
402,1058,5,1,0.982782
402,408,5,1,0.982782
527,1060,5,1,0.982782
412,880,4,1,0.976957
199,371,4,1,0.976957
201,1054,4,1,0.976957
817,879,4,1,0.976957
745,879,4,1,0.976957
901,922,4,1,0.976957
90,928,4,1,0.976957
201,471,4,1,0.976957
745,817,4,1,0.976957
20,842,4,1,0.976957
187,901,4,1,0.976957
745,779,4,1,0.976957
768,928,4,1,0.976957
167,199,4,1,0.976957
201,901,4,1,0.976957
371,962,4,1,0.976957
364,889,4,1,0.976957
838,880,4,1,0.976957
90,412,4,1,0.976957
167,962,4,1,0.976957
20,412,4,1,0.976957
187,768,4,1,0.976957
84,463,4,1,0.976957
657,879,4,1,0.976957
70,730,4,2,0.97226
291,579,2,1,0.961797
212,436,2,1,0.961797
110,851,2,1,0.961797
8,25,2,1,0.961797
187,272,2,1,0.961797
694,905,2,1,0.961797
413,474,4,1,0.958224
474,734,4,1,0.958224
468,721,3,1,0.956787
84,456,3,1,0.956787
664,1000,4,2,0.951051
921,976,3,2,0.945883
328,390,2,2,0.94485
344,495,3,1,0.943974
495,593,4,2,0.922872
626,1083,5,1,0.920921
160,1021,4,1,0.915447
251,577,2,2,0.915193
90,456,1,1,0.910239
593,768,1,1,0.910239
315,530,1,1,0.910239
334,903,1,1,0.910239
89,1047,1,1,0.910239
123,773,1,1,0.910239
364,405,1,1,0.910239
851,916,1,1,0.910239
98,212,1,1,0.910239
359,438,1,1,0.910239
110,332,1,1,0.910239
90,367,3,1,0.910239
716,923,1,1,0.910239
628,861,1,1,0.910239
173,1062,1,1,0.910239
598,1040,2,2,0.910239
515,615,1,1,0.910239
171,851,1,1,0.910239
831,889,2,1,0.910239
390,928,1,1,0.910239
845,943,1,1,0.910239
518,685,1,1,0.910239
14,519,4,1,0.907705
439,745,3,2,0.894807
138,915,2,2,0.89242
120,354,2,2,0.883328
527,742,3,2,0.882097
443,766,4,1,0.876357
493,975,2,2,0.868778
591,640,2,1,0.868589
271,332,2,1,0.868589
267,325,3,2,0.85987
293,742,3,1,0.857999
293,819,3,1,0.857999
257,401,3,2,0.853522
413,418,3,2,0.839786
555,621,2,1,0.834065
20,521,2,1,0.834065
417,783,2,1,0.834065
474,1014,3,2,0.822287
159,474,3,2,0.816937
413,922,4,1,0.811811
413,710,4,1,0.811811
892,922,4,1,0.811811
710,892,4,1,0.811811
37,356,2,2,0.805105
234,736,2,1,0.804859
736,917,2,1,0.804859
939,1051,2,1,0.804859
157,234,2,1,0.804859
157,736,2,1,0.804859
157,917,2,1,0.804859
234,917,2,1,0.804859
495,515,3,2,0.803137
445,489,3,2,0.79377
467,500,3,1,0.788092
42,521,3,1,0.788092
172,474,3,1,0.788092
474,500,3,1,0.788092
172,521,3,1,0.788092
635,796,2,2,0.786972
95,536,2,2,0.786972
736,905,2,2,0.786302
408,1060,4,1,0.786226
81,1060,4,1,0.786226
160,320,2,1,0.779742
160,674,2,1,0.779742
320,674,2,1,0.779742
250,255,2,1,0.779742
614,857,2,2,0.774912
619,635,3,2,0.774478
431,830,2,2,0.773918
439,1071,3,1,0.770848
527,576,3,1,0.770848
238,922,3,1,0.770848
257,702,3,1,0.770848
74,767,3,1,0.770848
74,527,3,1,0.770848
576,767,3,1,0.770848
495,767,3,1,0.770848
74,922,3,1,0.770848
100,468,3,1,0.770848
495,576,3,1,0.770848
495,527,3,1,0.770848
291,1071,3,1,0.770848
291,439,3,1,0.770848
74,238,3,1,0.770848
34,1058,3,1,0.763004
20,34,3,1,0.763004
310,748,3,1,0.763004
310,792,3,1,0.763004
346,748,3,1,0.763004
445,768,3,2,0.760379
495,1014,3,2,0.758138
208,976,2,1,0.757846
208,921,2,1,0.757846
293,463,2,1,0.757846
463,523,2,1,0.757846
635,750,3,3,0.754368
84,1054,3,2,0.742813
635,1054,3,2,0.742813
312,496,3,2,0.739714
152,927,2,1,0.738539
152,682,2,1,0.738539
187,924,4,1,0.736737
924,1000,4,1,0.736737
325,1000,4,1,0.736737
84,145,3,2,0.733447
90,768,3,1,0.732718
463,464,3,1,0.732718
768,842,3,1,0.732718
201,464,3,1,0.732718
84,464,3,1,0.732718
464,1054,3,1,0.732718
187,928,3,1,0.732718
412,928,3,1,0.732718
471,928,3,1,0.732718
779,1054,3,1,0.732718
922,928,3,1,0.732718
442,646,3,1,0.732718
84,364,3,1,0.732718
495,646,3,1,0.732718
84,889,3,1,0.732718
463,889,3,1,0.732718
619,934,3,1,0.732718
619,1004,3,1,0.732718
417,612,3,1,0.732718
20,267,3,1,0.732718
23,889,3,1,0.732718
20,635,3,1,0.732718
20,1004,3,1,0.732718
267,635,3,1,0.732718
267,842,3,1,0.732718
267,1004,3,1,0.732718
412,635,3,1,0.732718
412,1004,3,1,0.732718
23,364,3,1,0.732718
635,842,3,1,0.732718
635,1004,3,1,0.732718
842,1004,3,1,0.732718
20,90,3,1,0.732718
745,1054,3,1,0.732718
201,768,3,1,0.732718
69,201,3,1,0.732718
474,515,3,1,0.732718
779,817,3,1,0.732718
762,962,3,1,0.732718
657,817,3,1,0.732718
657,745,3,1,0.732718
199,962,3,1,0.732718
879,880,3,1,0.732718
838,879,3,1,0.732718
779,879,3,1,0.732718
657,880,3,1,0.732718
657,838,3,1,0.732718
159,621,3,1,0.732718
412,838,3,1,0.732718
1,260,3,1,0.732718
762,880,3,1,0.732718
169,199,3,1,0.732718
169,371,3,1,0.732718
201,745,3,1,0.732718
69,922,3,1,0.732718
471,901,3,1,0.732718
169,442,3,1,0.732718
515,742,3,1,0.732718
1,267,3,1,0.732718
69,187,3,1,0.732718
169,784,3,1,0.732718
474,742,3,1,0.732718
69,901,3,1,0.732718
442,784,3,1,0.732718
201,779,3,1,0.732718
167,169,3,1,0.732718
167,762,3,1,0.732718
18,152,2,2,0.729943
364,489,3,2,0.723352
742,797,3,2,0.723352
474,527,3,2,0.723352
95,1062,2,2,0.722833
247,708,1,1,0.721348
218,662,1,1,0.721348
132,1049,2,1,0.721348
234,369,1,1,0.721348
904,1082,1,1,0.721348
878,879,1,1,0.721348
337,1029,1,1,0.721348
589,729,1,1,0.721348
449,1070,1,1,0.721348
976,1017,1,1,0.721348
228,609,1,1,0.721348
752,834,1,1,0.721348
484,838,1,1,0.721348
458,880,1,1,0.721348
69,635,1,1,0.721348
497,798,1,1,0.721348
158,361,1,1,0.721348
533,628,1,1,0.721348
277,680,1,1,0.721348
198,475,1,1,0.721348
124,208,1,1,0.721348
683,737,1,1,0.721348
231,255,1,1,0.721348
660,1055,1,1,0.721348
238,638,3,1,0.718668
413,734,3,1,0.718668
238,857,3,1,0.718668
238,856,3,1,0.718668
474,856,3,1,0.718668
474,857,3,1,0.718668
638,856,3,1,0.718668
238,474,3,1,0.718668
439,474,3,1,0.718668
638,857,3,1,0.718668
413,439,3,1,0.718668
474,638,3,1,0.718668
856,857,3,1,0.718668
418,734,3,1,0.718668
418,474,3,1,0.718668
167,734,3,1,0.718668
167,474,3,1,0.718668
167,418,3,1,0.718668
90,635,3,2,0.717341
278,354,2,2,0.71485
35,294,3,1,0.710983
66,433,2,1,0.705912
159,1000,3,2,0.691431
328,350,3,1,0.686586
156,350,3,1,0.686586
1002,1050,3,1,0.686586
328,866,3,1,0.686586
331,1050,3,1,0.686586
286,1002,3,1,0.686586
331,1002,3,1,0.686586
286,1050,3,1,0.686586
160,1019,3,1,0.686586
350,521,3,1,0.686586
156,866,3,1,0.686586
286,331,3,1,0.686586
234,1050,3,1,0.686586
234,1002,3,1,0.686586
156,521,3,1,0.686586
234,331,3,1,0.686586
234,286,3,1,0.686586
1019,1021,3,1,0.686586
331,608,3,1,0.686586
328,521,3,1,0.686586
129,885,3,1,0.686586
589,709,3,1,0.686586
750,796,3,1,0.686586
750,890,3,1,0.686586
350,866,3,1,0.686586
129,921,3,1,0.686586
709,750,3,1,0.686586
589,890,3,1,0.686586
885,921,3,1,0.686586
589,796,3,1,0.686586
589,750,3,1,0.686586
395,761,3,1,0.686586
709,796,3,1,0.686586
343,372,3,1,0.686586
796,890,3,1,0.686586
160,343,3,1,0.686586
410,523,3,1,0.686586
331,523,3,1,0.686586
331,410,3,1,0.686586
521,866,3,1,0.686586
343,1021,3,1,0.686586
331,709,3,1,0.686586
709,890,3,1,0.686586
413,442,2,2,0.681415
14,377,3,1,0.680779
54,1015,2,1,0.679247
54,790,2,1,0.679247
66,790,2,1,0.679247
66,1015,2,1,0.679247
108,689,2,1,0.679247
373,658,2,1,0.679247
257,295,2,1,0.679247
286,570,2,1,0.679247
62,286,2,1,0.679247
257,286,2,1,0.679247
54,66,2,1,0.679247
62,295,2,1,0.679247
790,1015,2,1,0.679247
417,463,2,2,0.678534
463,493,2,1,0.667616
463,891,2,1,0.667616
493,891,2,1,0.667616
183,364,2,1,0.667616
56,527,2,2,0.661272
766,820,3,1,0.657268
766,865,3,1,0.657268
474,767,2,1,0.656917
80,159,2,1,0.656917
392,521,2,1,0.656917
291,708,3,2,0.653373
206,466,2,2,0.646673
471,495,2,2,0.643117
267,521,2,2,0.643117
84,468,2,1,0.637858
456,468,2,1,0.637858
456,721,2,1,0.637858
84,604,2,1,0.637858
456,604,2,1,0.637858
20,721,2,1,0.637858
20,468,2,1,0.637858
345,745,2,1,0.637858
345,439,2,1,0.637858
20,745,2,1,0.637858
20,439,2,1,0.637858
20,345,2,1,0.637858
238,745,2,1,0.637858
84,721,2,1,0.637858
921,1058,2,2,0.633258
390,495,2,1,0.629316
371,495,2,1,0.629316
344,440,2,1,0.629316
440,495,2,1,0.629316
371,390,2,1,0.629316
280,445,2,1,0.629316
344,390,2,1,0.629316
344,371,2,1,0.629316
280,495,2,1,0.629316
445,495,2,1,0.629316
492,753,2,1,0.629316
152,804,2,2,0.629
371,440,2,2,0.625325
221,1000,3,2,0.623991
224,311,1,1,0.621335
20,992,1,1,0.621335
238,562,1,1,0.621335
527,917,1,1,0.621335
335,635,1,1,0.621335
615,952,1,1,0.621335
273,1068,1,1,0.621335
313,872,1,1,0.621335
638,957,1,1,0.621335
32,158,1,1,0.621335
295,833,1,1,0.621335
91,616,1,1,0.621335
84,524,1,1,0.621335
285,448,1,1,0.621335
20,865,1,1,0.621335
245,1045,1,1,0.621335
484,633,1,1,0.621335
130,484,1,1,0.621335
778,814,1,1,0.621335
459,515,1,1,0.621335
295,415,1,1,0.621335
330,499,1,1,0.621335
102,759,1,1,0.621335
57,499,1,1,0.621335
484,1056,1,1,0.621335
56,819,1,1,0.621335
499,696,1,1,0.621335
440,943,1,1,0.621335
286,756,1,1,0.621335
373,970,1,1,0.621335
7,149,1,1,0.621335
415,431,1,1,0.621335
756,1051,1,1,0.621335
635,928,2,2,0.613509
730,962,3,1,0.611587
413,892,3,1,0.608858
159,710,3,1,0.608858
368,788,3,1,0.608858
182,922,3,1,0.608858
159,922,3,1,0.608858
182,710,3,1,0.608858
182,413,3,1,0.608858
159,892,3,1,0.608858
124,793,2,1,0.606826
214,367,2,1,0.606826
90,1007,2,1,0.606826
214,856,2,1,0.606826
214,1007,2,1,0.606826
367,856,2,1,0.606826
90,1040,2,1,0.606826
90,856,2,1,0.606826
367,1040,2,1,0.606826
90,214,2,1,0.606826
367,1007,2,1,0.606826
856,1007,2,1,0.606826
527,987,2,2,0.604682
364,891,2,2,0.603091
708,742,3,2,0.602963
81,1058,3,1,0.589669
81,408,3,1,0.589669
402,435,3,1,0.589669
1058,1060,3,1,0.589669
435,1058,3,1,0.589669
983,1034,2,2,0.58755
159,767,2,2,0.585408
90,521,2,2,0.581818
76,95,2,1,0.577078
1001,1042,2,2,0.575281
164,176,2,1,0.571999
235,471,2,1,0.571999
15,267,2,2,0.571185
108,800,2,2,0.563053
23,398,2,1,0.562533
129,206,2,1,0.562533
422,958,1,1,0.558111
746,969,1,1,0.558111
194,483,1,1,0.558111
635,776,1,1,0.558111
47,847,1,1,0.558111
951,1028,1,1,0.558111
535,707,1,1,0.558111
688,1064,1,1,0.558111
15,368,1,1,0.558111
201,322,1,1,0.558111
767,851,1,1,0.558111
526,1079,1,1,0.558111
223,416,1,1,0.558111
352,775,1,1,0.558111
406,601,1,1,0.558111
267,895,1,1,0.558111
805,1059,1,1,0.558111
41,625,1,1,0.558111
53,678,1,1,0.558111
796,933,1,1,0.558111
779,902,1,1,0.558111
359,527,1,1,0.558111
512,950,1,1,0.558111
113,820,1,1,0.558111
625,885,1,1,0.558111
446,505,1,1,0.558111
222,300,1,1,0.558111
529,975,1,1,0.558111
278,865,1,1,0.558111
484,638,1,1,0.558111
58,987,1,1,0.558111
218,220,1,1,0.558111
328,928,1,1,0.558111
328,625,1,1,0.558111
470,567,2,2,0.556498
405,1000,3,1,0.552553
187,905,3,1,0.552553
128,187,3,1,0.552553
319,474,2,2,0.548697
230,978,2,2,0.543309
34,50,2,1,0.54217
325,510,2,2,0.531412
50,922,2,2,0.530339
474,976,2,2,0.525556
514,521,2,1,0.525395
474,514,2,1,0.525395
42,494,2,1,0.525395
42,172,2,1,0.525395
172,467,2,1,0.525395
172,494,2,1,0.525395
498,664,2,1,0.525395
254,354,2,2,0.523135
319,514,2,2,0.521015
458,750,2,2,0.520823
230,689,2,1,0.519461
215,623,2,1,0.519461
215,287,2,1,0.519461
534,978,2,1,0.519461
230,534,2,1,0.519461
90,198,1,1,0.513898
529,807,1,1,0.513898
20,506,1,1,0.513898
269,1068,1,1,0.513898
471,690,1,1,0.513898
154,808,1,1,0.513898
354,441,1,1,0.513898
434,669,1,1,0.513898
378,986,1,1,0.513898
238,957,1,1,0.513898
344,398,1,1,0.513898
709,1021,1,1,0.513898
56,690,1,1,0.513898
759,860,1,1,0.513898
759,945,1,1,0.513898
445,974,1,1,0.513898
79,709,1,1,0.513898
175,809,1,1,0.513898
688,771,1,1,0.513898
975,1017,1,1,0.513898
550,978,1,1,0.513898
418,751,1,1,0.513898
202,1070,1,1,0.513898
192,680,1,1,0.513898
824,891,1,1,0.513898
272,952,1,1,0.513898
345,497,1,1,0.513898
55,353,1,1,0.513898
658,813,1,1,0.513898
449,1023,1,1,0.513898
397,559,1,1,0.513898
132,206,1,1,0.513898
474,791,1,1,0.513898
12,40,1,1,0.513898
401,822,1,1,0.513898
176,885,1,1,0.513898
1015,1017,1,1,0.513898
860,945,1,1,0.513898
291,315,2,1,0.513898
293,1071,2,1,0.513898
291,293,2,1,0.513898
315,1071,2,1,0.513898
315,439,2,1,0.513898
576,1014,2,1,0.513898
80,468,2,1,0.513898
80,100,2,1,0.513898
468,702,2,1,0.513898
257,468,2,1,0.513898
100,702,2,1,0.513898
233,927,1,1,0.513898
100,257,2,1,0.513898
702,814,2,1,0.513898
401,814,2,1,0.513898
401,702,2,1,0.513898
257,814,2,1,0.513898
365,450,1,1,0.513898
238,267,2,1,0.513898
74,267,2,1,0.513898
767,922,2,1,0.513898
527,922,2,1,0.513898
238,767,2,1,0.513898
74,576,2,1,0.513898
74,495,2,1,0.513898
293,439,2,1,0.513898
767,1014,2,1,0.513898
37,929,1,1,0.513898
407,511,2,1,0.513898
511,734,2,1,0.513898
521,745,2,1,0.513898
734,736,2,1,0.513898
356,929,1,1,0.513898
210,792,1,1,0.513898
159,1014,2,2,0.511284
664,1052,2,1,0.511244
554,655,2,1,0.511244
20,1054,2,1,0.50867
520,750,2,1,0.50867
84,363,2,1,0.50867
365,520,2,1,0.50867
20,921,2,1,0.50867
34,828,2,1,0.50867
34,95,2,1,0.50867
34,323,2,1,0.50867
20,828,2,1,0.50867
34,921,2,1,0.50867
34,1054,2,1,0.50867
95,323,2,1,0.50867
95,828,2,1,0.50867
23,365,2,1,0.50867
310,1016,2,1,0.50867
157,346,2,1,0.50867
20,323,2,1,0.50867
310,1058,2,1,0.50867
792,1016,2,1,0.50867
792,1058,2,1,0.50867
34,1016,2,1,0.50867
34,792,2,1,0.50867
34,310,2,1,0.50867
748,792,2,1,0.50867
310,346,2,1,0.50867
1016,1058,2,1,0.50867
748,767,2,1,0.50867
20,1058,2,1,0.50867
346,767,2,1,0.50867
157,767,2,1,0.50867
157,748,2,1,0.50867
20,95,2,1,0.50867
84,390,2,1,0.50867
365,750,2,1,0.50867
363,390,2,1,0.50867
363,856,2,1,0.50867
84,856,2,1,0.50867
84,933,2,1,0.50867
323,921,2,1,0.50867
29,635,2,1,0.50867
29,363,2,1,0.50867
369,822,2,1,0.50867
369,523,2,1,0.50867
235,822,2,1,0.50867
235,523,2,1,0.50867
29,933,2,1,0.50867
29,856,2,1,0.50867
363,635,2,1,0.50867
363,933,2,1,0.50867
523,822,2,1,0.50867
235,369,2,1,0.50867
390,635,2,1,0.50867
323,1054,2,1,0.50867
828,921,2,1,0.50867
828,1054,2,1,0.50867
856,933,2,1,0.50867
921,1054,2,1,0.50867
635,856,2,1,0.50867
390,933,2,1,0.50867
390,856,2,1,0.50867
29,390,2,1,0.50867
29,1054,2,1,0.50867
84,635,2,1,0.50867
29,84,2,1,0.50867
95,1054,2,1,0.50867
95,921,2,1,0.50867
323,828,2,1,0.50867
569,768,2,2,0.494159
646,784,2,1,0.488479
167,412,2,1,0.488479
827,996,2,1,0.488479
371,880,2,1,0.488479
371,412,2,1,0.488479
235,621,2,1,0.488479
167,880,2,1,0.488479
1,235,2,1,0.488479
105,661,2,1,0.488479
235,267,2,1,0.488479
943,1030,2,1,0.488479
260,267,2,1,0.488479
199,762,2,1,0.488479
657,779,2,1,0.488479
817,880,2,1,0.488479
604,827,2,1,0.488479
1,471,2,1,0.488479
922,996,2,1,0.488479
901,996,2,1,0.488479
817,838,2,1,0.488479
201,928,2,1,0.488479
762,838,2,1,0.488479
817,1054,2,1,0.488479
1030,1054,2,1,0.488479
842,922,2,1,0.488479
880,962,2,1,0.488479
9,300,2,1,0.488479
412,657,2,1,0.488479
412,962,2,1,0.488479
768,901,2,1,0.488479
201,996,2,1,0.488479
412,879,2,1,0.488479
69,471,2,1,0.488479
105,300,2,1,0.488479
201,879,2,1,0.488479
69,996,2,1,0.488479
201,817,2,1,0.488479
187,996,2,1,0.488479
943,1054,2,1,0.488479
140,485,2,1,0.488479
1,1014,2,1,0.488479
635,943,2,1,0.488479
515,906,2,1,0.488479
515,1014,2,1,0.488479
515,1030,2,1,0.488479
742,906,2,1,0.488479
742,1014,2,1,0.488479
742,1030,2,1,0.488479
745,838,2,1,0.488479
906,1014,2,1,0.488479
906,1030,2,1,0.488479
140,750,2,1,0.488479
485,604,2,1,0.488479
485,750,2,1,0.488479
1014,1030,2,1,0.488479
604,750,2,1,0.488479
495,742,2,1,0.488479
474,646,2,1,0.488479
442,495,2,1,0.488479
169,646,2,1,0.488479
167,442,2,1,0.488479
167,784,2,1,0.488479
169,962,2,1,0.488479
474,1030,2,1,0.488479
745,880,2,1,0.488479
260,471,2,1,0.488479
260,1014,2,1,0.488479
371,784,2,1,0.488479
471,1014,2,1,0.488479
458,471,2,1,0.488479
404,458,2,1,0.488479
404,791,2,1,0.488479
371,442,2,1,0.488479
458,791,2,1,0.488479
527,797,2,1,0.488479
797,1014,2,1,0.488479
199,784,2,1,0.488479
199,442,2,1,0.488479
635,1030,2,1,0.488479
474,906,2,1,0.488479
140,604,2,1,0.488479
508,619,2,1,0.488479
9,105,2,1,0.488479
90,267,2,1,0.488479
508,934,2,1,0.488479
657,934,2,1,0.488479
657,742,2,1,0.488479
267,619,2,1,0.488479
412,619,2,1,0.488479
619,742,2,1,0.488479
619,657,2,1,0.488479
23,463,2,1,0.488479
183,474,2,1,0.488479
619,842,2,1,0.488479
23,84,2,1,0.488479
464,889,2,1,0.488479
508,742,2,1,0.488479
90,1004,2,1,0.488479
364,464,2,1,0.488479
742,934,2,1,0.488479
20,619,2,1,0.488479
23,417,2,1,0.488479
99,934,2,1,0.488479
23,612,2,1,0.488479
23,633,2,1,0.488479
364,417,2,1,0.488479
364,612,2,1,0.488479
364,633,2,1,0.488479
934,1004,2,1,0.488479
417,633,2,1,0.488479
417,889,2,1,0.488479
612,633,2,1,0.488479
612,889,2,1,0.488479
633,889,2,1,0.488479
417,489,2,1,0.488479
489,612,2,1,0.488479
183,233,2,1,0.488479
439,489,2,1,0.488479
20,928,2,1,0.488479
464,779,2,1,0.488479
621,1000,2,1,0.488479
657,921,2,1,0.488479
84,201,2,1,0.488479
187,842,2,1,0.488479
657,1000,2,1,0.488479
921,1000,2,1,0.488479
464,745,2,1,0.488479
508,657,2,1,0.488479
99,508,2,1,0.488479
99,619,2,1,0.488479
99,657,2,1,0.488479
99,742,2,1,0.488479
471,842,2,1,0.488479
879,1054,2,1,0.488479
474,621,2,1,0.488479
90,922,2,1,0.488479
463,1054,2,1,0.488479
412,768,2,1,0.488479
201,463,2,1,0.488479
233,474,2,1,0.488479
90,471,2,1,0.488479
90,187,2,1,0.488479
325,876,2,2,0.484286
604,1054,2,2,0.483795
508,1000,2,2,0.483795
523,709,2,2,0.483197
102,809,1,1,0.480898
696,918,1,1,0.480898
136,992,1,1,0.480898
619,1005,1,1,0.480898
823,1077,1,1,0.480898
400,826,1,1,0.480898
334,1011,1,1,0.480898
360,851,1,1,0.480898
274,857,1,1,0.480898
212,662,1,1,0.480898
223,546,1,1,0.480898
48,401,1,1,0.480898
286,918,1,1,0.480898
286,696,1,1,0.480898
599,822,1,1,0.480898
276,1013,1,1,0.480898
476,887,1,1,0.480898
916,923,1,1,0.480898
110,360,1,1,0.480898
489,582,1,1,0.480898
143,272,1,1,0.480898
291,342,1,1,0.480898
143,1075,1,1,0.480898
187,1075,1,1,0.480898
272,1075,1,1,0.480898
548,806,1,1,0.480898
290,1023,1,1,0.480898
234,611,1,1,0.480898
143,187,1,1,0.480898
61,203,1,1,0.480898
499,577,1,1,0.480898
662,925,1,1,0.480898
291,324,1,1,0.480898
324,579,1,1,0.480898
313,731,1,1,0.480898
478,703,1,1,0.480898
545,1006,1,1,0.480898
336,665,1,1,0.480898
116,164,1,1,0.480898
104,328,1,1,0.480898
246,273,1,1,0.480898
208,518,1,1,0.480898
96,1049,1,1,0.480898
30,339,1,1,0.480898
309,953,1,1,0.480898
574,1007,1,1,0.480898
267,398,1,1,0.480898
701,751,1,1,0.480898
319,415,1,1,0.480898
218,406,1,1,0.480898
293,657,1,1,0.480898
585,730,1,1,0.480898
351,730,1,1,0.480898
986,1029,1,1,0.480898
136,427,1,1,0.480898
208,427,1,1,0.480898
768,887,1,1,0.480898
604,854,2,1,0.479112
521,744,2,1,0.479112
19,577,2,1,0.479112
167,413,2,1,0.479112
84,171,2,1,0.479112
365,521,2,1,0.479112
84,167,2,1,0.479112
489,892,2,1,0.479112
365,744,2,1,0.479112
806,827,2,1,0.479112
744,827,2,1,0.479112
365,806,2,1,0.479112
489,768,2,1,0.479112
365,827,2,1,0.479112
489,524,2,1,0.479112
516,521,2,1,0.479112
516,744,2,1,0.479112
489,508,2,1,0.479112
365,516,2,1,0.479112
508,524,2,1,0.479112
413,458,2,1,0.479112
84,418,2,1,0.479112
145,171,2,1,0.479112
145,474,2,1,0.479112
145,734,2,1,0.479112
167,171,2,1,0.479112
145,167,2,1,0.479112
768,892,2,1,0.479112
524,892,2,1,0.479112
171,418,2,1,0.479112
524,768,2,1,0.479112
171,474,2,1,0.479112
171,734,2,1,0.479112
84,734,2,1,0.479112
84,474,2,1,0.479112
508,892,2,1,0.479112
508,768,2,1,0.479112
439,734,2,1,0.479112
439,458,2,1,0.479112
527,638,2,1,0.479112
828,857,2,1,0.479112
527,856,2,1,0.479112
527,857,2,1,0.479112
638,828,2,1,0.479112
797,854,2,1,0.479112
742,854,2,1,0.479112
828,856,2,1,0.479112
238,311,2,1,0.479112
744,806,2,1,0.479112
311,474,2,1,0.479112
311,638,2,1,0.479112
311,856,2,1,0.479112
311,857,2,1,0.479112
604,742,2,1,0.479112
604,797,2,1,0.479112
527,828,2,1,0.479112
145,418,2,1,0.479112
458,474,2,1,0.479112
474,828,2,1,0.479112
364,508,2,1,0.479112
521,806,2,1,0.479112
521,827,2,1,0.479112
516,827,2,1,0.479112
364,524,2,1,0.479112
364,768,2,1,0.479112
364,445,2,1,0.479112
364,892,2,1,0.479112
238,828,2,1,0.479112
516,806,2,1,0.479112
445,508,2,1,0.479112
445,524,2,1,0.479112
445,892,2,1,0.479112
745,1071,2,2,0.478101
199,519,2,2,0.471028
125,892,2,1,0.469188
125,443,2,1,0.469188
125,321,2,1,0.469188
413,708,2,1,0.469188
798,915,2,2,0.459121
521,1050,2,1,0.457724
234,496,2,1,0.457724
522,1050,2,1,0.457724
522,1002,2,1,0.457724
496,1050,2,1,0.457724
496,1002,2,1,0.457724
496,522,2,1,0.457724
331,390,2,1,0.457724
331,522,2,1,0.457724
331,398,2,1,0.457724
390,398,2,1,0.457724
390,608,2,1,0.457724
398,608,2,1,0.457724
206,331,2,1,0.457724
331,521,2,1,0.457724
331,496,2,1,0.457724
365,734,2,1,0.457724
286,522,2,1,0.457724
331,536,2,1,0.457724
331,727,2,1,0.457724
286,496,2,1,0.457724
521,1002,2,1,0.457724
234,522,2,1,0.457724
206,608,2,1,0.457724
304,523,2,1,0.457724
129,679,2,1,0.457724
410,709,2,1,0.457724
331,890,2,1,0.457724
372,1021,2,1,0.457724
331,796,2,1,0.457724
331,750,2,1,0.457724
331,589,2,1,0.457724
463,890,2,1,0.457724
463,796,2,1,0.457724
463,750,2,1,0.457724
343,1019,2,1,0.457724
286,521,2,1,0.457724
463,589,2,1,0.457724
486,759,2,1,0.457724
90,759,2,1,0.457724
90,486,2,1,0.457724
759,866,2,1,0.457724
410,589,2,1,0.457724
410,750,2,1,0.457724
350,759,2,1,0.457724
410,796,2,1,0.457724
679,885,2,1,0.457724
679,921,2,1,0.457724
395,679,2,1,0.457724
679,761,2,1,0.457724
166,921,2,1,0.457724
166,885,2,1,0.457724
129,166,2,1,0.457724
343,395,2,1,0.457724
201,304,2,1,0.457724
304,410,2,1,0.457724
343,761,2,1,0.457724
372,395,2,1,0.457724
372,761,2,1,0.457724
410,890,2,1,0.457724
160,372,2,1,0.457724
521,759,2,1,0.457724
463,709,2,1,0.457724
328,759,2,1,0.457724
659,823,2,1,0.457724
34,521,2,1,0.457724
234,521,2,1,0.457724
34,350,2,1,0.457724
34,328,2,1,0.457724
34,156,2,1,0.457724
34,866,2,1,0.457724
659,1068,2,1,0.457724
823,1068,2,1,0.457724
156,759,2,1,0.457724
336,1027,2,1,0.457724
160,732,2,1,0.457724
732,1019,2,1,0.457724
732,1021,2,1,0.457724
326,686,1,1,0.45512
48,751,1,1,0.45512
354,702,1,1,0.45512
344,949,1,1,0.45512
588,690,1,1,0.45512
71,1018,1,1,0.45512
957,987,1,1,0.45512
535,949,1,1,0.45512
52,164,1,1,0.45512
368,650,1,1,0.45512
303,987,1,1,0.45512
164,1039,1,1,0.45512
150,880,1,1,0.45512
89,1058,1,1,0.45512
651,1058,1,1,0.45512
773,889,1,1,0.45512
39,970,1,1,0.45512
773,831,1,1,0.45512
491,640,1,1,0.45512
166,167,1,1,0.45512
15,167,1,1,0.45512
15,166,1,1,0.45512
824,845,1,1,0.45512
285,390,1,1,0.45512
498,582,1,1,0.45512
166,925,1,1,0.45512
822,912,1,1,0.45512
674,981,1,1,0.45512
167,685,1,1,0.45512
295,676,1,1,0.45512
672,821,1,1,0.45512
215,861,1,1,0.45512
171,372,1,1,0.45512
413,569,1,1,0.45512
685,1039,1,1,0.45512
15,51,1,1,0.45512
354,506,1,1,0.45512
19,543,1,1,0.45512
417,421,1,1,0.45512
115,563,1,1,0.45512
169,499,1,1,0.45512
499,1083,1,1,0.45512
593,612,1,1,0.45512
14,586,2,1,0.453852
14,435,2,1,0.453852
467,495,2,2,0.453684
14,912,2,2,0.452618
172,500,2,2,0.450734
892,1000,2,2,0.442509
187,233,2,2,0.440796
311,1000,2,2,0.439806
137,453,2,1,0.438179
113,766,2,1,0.438179
618,850,1,1,0.434294
47,736,1,1,0.434294
22,618,1,1,0.434294
312,575,1,1,0.434294
406,484,1,1,0.434294
244,536,1,1,0.434294
73,332,1,1,0.434294
251,1076,1,1,0.434294
33,822,1,1,0.434294
294,1076,1,1,0.434294
577,917,1,1,0.434294
280,311,1,1,0.434294
22,850,1,1,0.434294
294,577,1,1,0.434294
178,912,1,1,0.434294
129,665,1,1,0.434294
375,457,1,1,0.434294
114,858,1,1,0.434294
614,848,1,1,0.434294
473,733,1,1,0.434294
424,511,1,1,0.434294
611,831,1,1,0.434294
255,800,1,1,0.434294
732,886,1,1,0.434294
196,1045,1,1,0.434294
638,782,1,1,0.434294
111,782,1,1,0.434294
111,638,1,1,0.434294
111,925,1,1,0.434294
87,648,1,1,0.434294
248,280,1,1,0.434294
457,1051,1,1,0.434294
396,951,1,1,0.434294
539,838,1,1,0.434294
51,878,1,1,0.434294
15,953,1,1,0.434294
476,594,1,1,0.434294
818,1076,1,1,0.434294
594,1064,1,1,0.434294
612,994,1,1,0.434294
442,780,2,2,0.433861
130,938,2,2,0.432462
496,510,2,2,0.431815
291,742,2,2,0.418778
218,360,1,1,0.417032
195,1080,1,1,0.417032
1031,1053,1,1,0.417032
56,1080,1,1,0.417032
674,727,1,1,0.417032
119,216,1,1,0.417032
244,323,1,1,0.417032
12,601,1,1,0.417032
360,897,1,1,0.417032
198,283,1,1,0.417032
783,888,1,1,0.417032
561,1019,1,1,0.417032
550,564,1,1,0.417032
47,561,1,1,0.417032
90,465,1,1,0.417032
360,830,1,1,0.417032
527,1080,1,1,0.417032
231,646,1,1,0.417032
208,806,1,1,0.417032
392,933,1,1,0.417032
728,969,1,1,0.417032
90,496,1,1,0.417032
90,1072,1,1,0.417032
591,805,1,1,0.417032
816,889,1,1,0.417032
88,229,1,1,0.417032
784,1082,1,1,0.417032
335,784,1,1,0.417032
70,261,1,1,0.417032
7,18,1,1,0.417032
727,1019,1,1,0.417032
407,476,1,1,0.417032
196,312,1,1,0.417032
646,721,1,1,0.417032
102,349,1,1,0.417032
107,787,1,1,0.417032
621,831,1,1,0.417032
505,916,1,1,0.417032
107,601,1,1,0.417032
56,130,2,1,0.413541
56,912,2,1,0.413541
130,912,2,1,0.413541
313,730,2,1,0.407724
169,510,2,1,0.405906
354,387,2,1,0.405906
169,890,2,1,0.405906
153,325,2,1,0.405906
153,421,2,1,0.405906
153,780,2,1,0.405906
510,890,2,1,0.405906
110,788,2,1,0.405906
696,788,2,1,0.405906
368,696,2,1,0.405906
110,696,2,1,0.405906
110,368,2,1,0.405906
622,788,2,1,0.405906
325,421,2,1,0.405906
463,713,2,1,0.405906
852,931,2,1,0.405906
159,211,2,1,0.405906
421,780,2,1,0.405906
325,780,2,1,0.405906
831,880,2,1,0.405906
211,710,2,1,0.405906
211,892,2,1,0.405906
249,922,2,1,0.405906
244,922,2,1,0.405906
312,564,2,1,0.405906
249,401,2,1,0.405906
880,922,2,1,0.405906
286,788,2,1,0.405906
286,1000,2,1,0.405906
788,1000,2,1,0.405906
201,564,2,1,0.405906
325,922,2,1,0.405906
569,710,2,1,0.405906
569,922,2,1,0.405906
569,964,2,1,0.405906
710,964,2,1,0.405906
922,964,2,1,0.405906
831,922,2,1,0.405906
249,1017,2,1,0.405906
401,1017,2,1,0.405906
922,1017,2,1,0.405906
211,922,2,1,0.405906
710,880,2,1,0.405906
710,831,2,1,0.405906
413,880,2,1,0.405906
413,831,2,1,0.405906
182,880,2,1,0.405906
182,831,2,1,0.405906
401,922,2,1,0.405906
182,892,2,1,0.405906
159,413,2,1,0.405906
492,719,2,2,0.403274
354,904,1,1,0.40243
443,863,1,1,0.40243
50,354,1,1,0.40243
50,904,1,1,0.40243
594,686,1,1,0.40243
357,701,1,1,0.40243
354,664,1,1,0.40243
805,863,1,1,0.40243
181,354,1,1,0.40243
184,746,1,1,0.40243
54,805,1,1,0.40243
54,158,1,1,0.40243
93,750,1,1,0.40243
234,288,1,1,0.40243
234,249,1,1,0.40243
220,917,1,1,0.40243
220,736,1,1,0.40243
220,288,1,1,0.40243
220,249,1,1,0.40243
220,234,1,1,0.40243
157,288,1,1,0.40243
157,220,1,1,0.40243
352,912,1,1,0.40243
822,994,1,1,0.40243
360,427,1,1,0.40243
18,594,1,1,0.40243
749,767,1,1,0.40243
188,307,1,1,0.40243
282,736,1,1,0.40243
273,783,1,1,0.40243
273,340,1,1,0.40243
249,288,1,1,0.40243
490,917,1,1,0.40243
532,860,1,1,0.40243
351,1051,1,1,0.40243
908,922,1,1,0.40243
95,1024,1,1,0.40243
95,359,1,1,0.40243
243,949,1,1,0.40243
490,949,1,1,0.40243
490,736,1,1,0.40243
249,736,1,1,0.40243
234,490,1,1,0.40243
157,490,1,1,0.40243
581,1012,1,1,0.40243
746,865,1,1,0.40243
288,917,1,1,0.40243
288,736,1,1,0.40243
249,917,1,1,0.40243
745,1082,1,1,0.40243
157,249,1,1,0.40243
317,868,1,1,0.40243
90,1030,1,1,0.40243
402,539,2,1,0.393113
568,1058,2,1,0.393113
408,539,2,1,0.393113
217,288,2,1,0.393113
982,1060,2,1,0.393113
176,1060,2,1,0.393113
176,982,2,1,0.393113
1044,1055,2,1,0.393113
539,1058,2,1,0.393113
527,1044,2,1,0.393113
424,1044,2,1,0.393113
435,1060,2,1,0.393113
435,527,2,1,0.393113
527,1058,2,1,0.393113
81,402,2,1,0.393113
52,664,2,2,0.390955
176,841,1,1,0.389871
43,554,1,1,0.389871
715,813,1,1,0.389871
558,730,1,1,0.389871
255,475,1,1,0.389871
298,954,1,1,0.389871
384,674,1,1,0.389871
685,703,1,1,0.389871
240,1055,1,1,0.389871
255,933,1,1,0.389871
85,856,1,1,0.389871
160,949,1,1,0.389871
30,856,1,1,0.389871
250,475,1,1,0.389871
24,464,1,1,0.389871
250,933,1,1,0.389871
218,933,1,1,0.389871
674,949,1,1,0.389871
1,160,1,1,0.389871
62,484,1,1,0.389871
1,251,1,1,0.389871
486,610,1,1,0.389871
320,949,1,1,0.389871
1,320,1,1,0.389871
1,674,1,1,0.389871
160,251,1,1,0.389871
416,550,1,1,0.389871
302,939,1,1,0.389871
464,905,1,1,0.389871
251,320,1,1,0.389871
251,674,1,1,0.389871
218,664,1,1,0.389871
30,85,1,1,0.389871
280,461,1,1,0.389871
262,289,1,1,0.389871
621,950,1,1,0.389871
325,569,2,2,0.387137
312,1000,2,2,0.387137
62,683,2,1,0.381168
361,897,2,1,0.381168
234,463,1,1,0.378923
197,976,1,1,0.378923
197,921,1,1,0.378923
256,484,1,1,0.378923
208,903,1,1,0.378923
484,921,1,1,0.378923
484,1058,1,1,0.378923
197,208,1,1,0.378923
115,637,1,1,0.378923
125,983,1,1,0.378923
983,1040,1,1,0.378923
293,523,1,1,0.378923
110,516,1,1,0.378923
484,976,1,1,0.378923
484,903,1,1,0.378923
85,345,1,1,0.378923
582,903,1,1,0.378923
433,1080,1,1,0.378923
406,591,1,1,0.378923
208,464,1,1,0.378923
208,484,1,1,0.378923
208,582,1,1,0.378923
350,872,1,1,0.378923
208,1058,1,1,0.378923
464,484,1,1,0.378923
464,582,1,1,0.378923
464,903,1,1,0.378923
464,921,1,1,0.378923
484,582,1,1,0.378923
98,484,1,1,0.378923
582,1058,1,1,0.378923
582,921,1,1,0.378923
582,976,1,1,0.378923
112,279,1,1,0.378923
644,884,1,1,0.378923
25,517,1,1,0.378923
206,383,1,1,0.378923
276,503,1,1,0.378923
375,1007,1,1,0.378923
534,601,1,1,0.378923
903,1058,1,1,0.378923
471,969,1,1,0.378923
471,619,1,1,0.378923
310,375,1,1,0.378923
976,1058,1,1,0.378923
659,748,1,1,0.378923
204,461,1,1,0.378923
34,295,1,1,0.378923
34,293,1,1,0.378923
234,523,1,1,0.378923
750,928,1,1,0.378923
323,639,1,1,0.378923
34,463,1,1,0.378923
475,745,1,1,0.378923
903,976,1,1,0.378923
903,921,1,1,0.378923
464,976,1,1,0.378923
464,1058,1,1,0.378923
450,689,2,1,0.376073
450,915,2,1,0.376073
543,869,2,1,0.376073
620,689,1,1,0.369269
802,1056,1,1,0.369269
148,563,1,1,0.369269
591,1049,1,1,0.369269
484,885,1,1,0.369269
181,1044,1,1,0.369269
61,197,1,1,0.369269
354,1044,1,1,0.369269
513,530,1,1,0.369269
152,171,1,1,0.369269
233,427,1,1,0.369269
233,1049,1,1,0.369269
427,1049,1,1,0.369269
171,668,1,1,0.369269
682,865,1,1,0.369269
344,359,1,1,0.369269
804,927,1,1,0.369269
668,682,1,1,0.369269
350,1065,1,1,0.369269
129,953,1,1,0.369269
492,953,1,1,0.369269
152,865,1,1,0.369269
171,744,1,1,0.369269
488,885,1,1,0.369269
854,1014,1,1,0.369269
152,668,1,1,0.369269
682,744,1,1,0.369269
852,1066,1,1,0.369269
304,768,1,1,0.369269
106,689,1,1,0.369269
265,390,1,1,0.369269
515,549,1,1,0.369269
18,927,1,1,0.369269
304,471,1,1,0.369269
235,948,1,1,0.369269
745,1064,1,1,0.369269
152,744,1,1,0.369269
386,390,1,1,0.369269
263,390,1,1,0.369269
415,985,1,1,0.369269
124,475,1,1,0.369269
244,614,1,1,0.369269
263,386,1,1,0.369269
457,485,1,1,0.369269
527,823,1,1,0.369269
668,744,1,1,0.369269
182,246,1,1,0.369269
406,515,1,1,0.369269
171,682,1,1,0.369269
905,1083,2,1,0.368369
325,664,2,1,0.368369
291,312,2,1,0.368369
375,1000,2,1,0.368369
350,655,2,1,0.368369
887,924,2,1,0.368369
1000,1083,2,1,0.368369
7,688,2,1,0.368369
441,703,2,1,0.368369
641,1000,2,1,0.368369
187,311,2,1,0.368369
325,443,2,1,0.368369
128,1083,2,1,0.368369
924,1083,2,1,0.368369
626,924,2,1,0.368369
350,626,2,1,0.368369
128,492,2,1,0.368369
291,325,2,1,0.368369
626,655,2,1,0.368369
311,924,2,1,0.368369
187,291,2,1,0.368369
812,974,2,1,0.368369
337,502,2,1,0.368369
187,492,2,1,0.368369
641,814,2,1,0.368369
95,913,2,1,0.368369
325,626,2,1,0.368369
492,626,2,1,0.368369
463,823,1,1,0.360674
909,1074,1,1,0.360674
814,1064,1,1,0.360674
229,460,1,1,0.360674
329,746,1,1,0.360674
329,660,1,1,0.360674
17,324,1,1,0.360674
17,647,1,1,0.360674
440,746,1,1,0.360674
844,956,1,1,0.360674
152,409,1,1,0.360674
417,927,1,1,0.360674
148,683,1,1,0.360674
70,761,1,1,0.360674
413,706,1,1,0.360674
9,459,1,1,0.360674
255,266,1,1,0.360674
96,527,1,1,0.360674
852,927,1,1,0.360674
85,291,1,1,0.360674
1004,1015,1,1,0.360674
138,808,1,1,0.360674
132,944,1,1,0.360674
944,1049,1,1,0.360674
51,56,1,1,0.360674
18,409,1,1,0.360674
431,925,1,1,0.360674
132,286,1,1,0.360674
138,849,1,1,0.360674
414,559,1,1,0.360674
96,1068,1,1,0.360674
96,188,1,1,0.360674
664,931,1,1,0.360674
686,944,1,1,0.360674
160,1045,1,1,0.360674
372,470,1,1,0.360674
857,901,1,1,0.360674
286,1049,1,1,0.360674
93,458,1,1,0.352956
532,563,1,1,0.352956
464,710,1,1,0.352956
230,1018,1,1,0.352956
4,629,1,1,0.352956
374,419,1,1,0.352956
90,523,1,1,0.352956
433,750,1,1,0.352956
90,750,1,1,0.352956
66,160,1,1,0.352956
296,365,1,1,0.352956
521,750,1,1,0.352956
362,393,1,1,0.352956
253,927,1,1,0.352956
207,581,1,1,0.352956
214,639,1,1,0.352956
606,639,1,1,0.352956
160,433,1,1,0.352956
66,796,1,1,0.352956
581,1034,1,1,0.352956
665,983,1,1,0.352956
18,503,1,1,0.352956
18,317,1,1,0.352956
66,750,1,1,0.352956
350,523,1,1,0.352956
160,796,1,1,0.352956
350,618,1,1,0.352956
440,744,1,1,0.352956
433,796,1,1,0.352956
153,1051,1,1,0.345976
170,234,1,1,0.345976
170,400,1,1,0.345976
234,400,1,1,0.345976
596,626,1,1,0.345976
888,981,1,1,0.345976
223,929,1,1,0.345976
639,675,1,1,0.345976
269,1023,1,1,0.339623
66,401,1,1,0.339623
663,790,1,1,0.339623
663,1015,1,1,0.339623
663,1023,1,1,0.339623
257,790,1,1,0.339623
122,594,1,1,0.339623
295,401,1,1,0.339623
257,1015,1,1,0.339623
790,1023,1,1,0.339623
400,984,1,1,0.339623
89,956,1,1,0.339623
702,921,1,1,0.339623
1015,1023,1,1,0.339623
66,663,1,1,0.339623
295,790,1,1,0.339623
295,1015,1,1,0.339623
269,663,1,1,0.339623
759,1031,1,1,0.339623
738,943,1,1,0.339623
66,295,1,1,0.339623
953,1014,1,1,0.339623
66,269,1,1,0.339623
54,1023,1,1,0.339623
240,515,1,1,0.339623
54,663,1,1,0.339623
54,269,1,1,0.339623
9,1023,1,1,0.339623
9,1015,1,1,0.339623
9,790,1,1,0.339623
9,663,1,1,0.339623
269,790,1,1,0.339623
9,269,1,1,0.339623
9,66,1,1,0.339623
9,54,1,1,0.339623
897,1039,1,1,0.339623
66,1023,1,1,0.339623
269,1015,1,1,0.339623
401,1015,1,1,0.339623
401,790,1,1,0.339623
368,883,1,1,0.339623
253,420,1,1,0.339623
646,970,1,1,0.339623
167,1021,1,1,0.339623
257,570,1,1,0.339623
62,570,1,1,0.339623
570,976,1,1,0.339623
286,976,1,1,0.339623
51,283,1,1,0.339623
938,976,1,1,0.339623
266,1075,1,1,0.339623
108,970,1,1,0.339623
108,646,1,1,0.339623
51,953,1,1,0.339623
286,295,1,1,0.339623
167,1012,1,1,0.339623
161,255,1,1,0.339623
18,255,1,1,0.339623
18,161,1,1,0.339623
435,841,1,1,0.339623
140,435,1,1,0.339623
170,1007,1,1,0.339623
689,732,1,1,0.339623
201,689,1,1,0.339623
785,1083,1,1,0.339623
62,790,1,1,0.339623
403,480,1,1,0.339623
54,295,1,1,0.339623
62,401,1,1,0.339623
96,480,1,1,0.339623
14,480,1,1,0.339623
62,1015,1,1,0.339623
66,257,1,1,0.339623
62,66,1,1,0.339623
54,401,1,1,0.339623
54,257,1,1,0.339623
54,62,1,1,0.339623
74,471,1,1,0.333808
274,524,1,1,0.333808
463,948,1,1,0.333808
23,1004,1,1,0.333808
319,1004,1,1,0.333808
74,364,1,1,0.333808
35,290,1,1,0.333808
120,510,1,1,0.333808
287,851,1,1,0.333808
74,183,1,1,0.333808
234,295,1,1,0.333808
153,295,1,1,0.333808
891,948,1,1,0.333808
493,948,1,1,0.333808
153,234,1,1,0.333808
23,319,1,1,0.333808
463,933,1,1,0.333808
150,349,1,1,0.333808
342,793,1,1,0.333808
371,1014,1,1,0.333808
371,474,1,1,0.333808
140,1014,1,1,0.333808
140,474,1,1,0.333808
140,371,1,1,0.333808
493,933,1,1,0.333808
891,933,1,1,0.333808
230,318,1,1,0.333808
183,463,1,1,0.333808
364,948,1,1,0.333808
364,493,1,1,0.333808
183,493,1,1,0.333808
183,891,1,1,0.333808
183,948,1,1,0.333808
318,1053,1,1,0.333808
325,359,1,1,0.328459
365,510,1,1,0.328459
365,471,1,1,0.328459
202,612,1,1,0.328459
510,1014,1,1,0.328459
510,744,1,1,0.328459
471,510,1,1,0.328459
510,629,1,1,0.328459
471,629,1,1,0.328459
392,922,1,1,0.328459
440,549,1,1,0.328459
612,922,1,1,0.328459
360,361,1,1,0.328459
365,629,1,1,0.328459
521,922,1,1,0.328459
744,1014,1,1,0.328459
208,462,1,1,0.328459
80,392,1,1,0.328459
785,890,1,1,0.328459
865,918,1,1,0.328459
349,800,1,1,0.328459
986,1054,1,1,0.328459
147,672,1,1,0.328459
806,866,1,1,0.328459
420,657,1,1,0.328459
529,788,1,1,0.328459
47,263,1,1,0.328459
142,527,1,1,0.328459
285,474,1,1,0.328459
285,767,1,1,0.328459
80,474,1,1,0.328459
80,767,1,1,0.328459
275,491,1,1,0.328459
80,521,1,1,0.328459
47,884,1,1,0.328459
235,800,1,1,0.328459
108,235,1,1,0.328459
377,966,1,1,0.328459
263,884,1,1,0.328459
159,521,1,1,0.328459
159,392,1,1,0.328459
267,392,1,1,0.328459
856,1001,1,1,0.323515
110,723,1,1,0.323515
728,750,1,1,0.323515
47,659,1,1,0.323515
806,823,1,1,0.323515
255,721,1,1,0.323515
418,697,1,1,0.323515
166,697,1,1,0.323515
868,957,1,1,0.323515
166,418,1,1,0.323515
350,918,1,1,0.323515
830,925,1,1,0.323515
233,686,1,1,0.323515
431,612,1,1,0.323515
483,827,1,1,0.323515
681,805,1,1,0.323515
152,686,1,1,0.323515
20,653,1,1,0.323515
152,233,1,1,0.323515
15,260,1,1,0.323515
238,345,1,1,0.318929
578,615,1,1,0.318929
509,527,1,1,0.318929
481,527,1,1,0.318929
267,604,1,1,0.318929
604,879,1,1,0.318929
549,976,1,1,0.318929
84,879,1,1,0.318929
238,854,1,1,0.318929
238,612,1,1,0.318929
120,854,1,1,0.318929
120,745,1,1,0.318929
120,612,1,1,0.318929
120,238,1,1,0.318929
267,456,1,1,0.318929
360,763,1,1,0.318929
84,267,1,1,0.318929
468,745,1,1,0.318929
238,439,1,1,0.318929
345,468,1,1,0.318929
20,238,1,1,0.318929
345,721,1,1,0.318929
439,468,1,1,0.318929
745,854,1,1,0.318929
721,745,1,1,0.318929
563,785,1,1,0.318929
612,854,1,1,0.318929
20,84,1,1,0.318929
20,456,1,1,0.318929
468,604,1,1,0.318929
604,721,1,1,0.318929
612,745,1,1,0.318929
439,721,1,1,0.318929
456,879,1,1,0.318929
190,785,1,1,0.318929
599,785,1,1,0.318929
267,879,1,1,0.318929
501,666,1,1,0.318929
737,863,1,1,0.318929
40,981,1,1,0.318929
599,610,1,1,0.318929
856,888,1,1,0.318929
9,785,1,1,0.318929
9,190,1,1,0.318929
169,572,1,1,0.318929
922,1059,1,1,0.318929
145,1059,1,1,0.318929
666,695,1,1,0.318929
280,515,1,1,0.314658
227,405,1,1,0.314658
484,933,1,1,0.314658
461,591,1,1,0.314658
471,489,1,1,0.314658
471,836,1,1,0.314658
489,495,1,1,0.314658
489,836,1,1,0.314658
495,836,1,1,0.314658
390,762,1,1,0.314658
445,515,1,1,0.314658
207,238,1,1,0.314658
238,371,1,1,0.314658
238,762,1,1,0.314658
344,762,1,1,0.314658
10,431,1,1,0.314658
495,762,1,1,0.314658
390,440,1,1,0.314658
73,344,1,1,0.314658
73,440,1,1,0.314658
73,495,1,1,0.314658
445,836,1,1,0.314658
445,471,1,1,0.314658
326,492,1,1,0.314658
494,913,1,1,0.314658
267,891,1,1,0.314658
495,521,1,1,0.314658
184,891,1,1,0.314658
280,471,1,1,0.314658
280,836,1,1,0.314658
916,943,1,1,0.314658
238,801,1,1,0.314658
280,489,1,1,0.314658
387,491,1,1,0.314658
106,491,1,1,0.314658
445,975,1,1,0.310667
2,577,1,1,0.310667
440,976,1,1,0.310667
371,976,1,1,0.310667
121,768,1,1,0.310667
121,414,1,1,0.310667
154,405,1,1,0.310667
267,414,1,1,0.310667
913,975,1,1,0.310667
493,913,1,1,0.310667
445,913,1,1,0.310667
19,474,1,1,0.310667
445,493,1,1,0.310667
296,887,1,1,0.310667
152,942,1,1,0.310667
56,913,1,1,0.310667
56,493,1,1,0.310667
56,445,1,1,0.310667
96,913,1,1,0.310667
96,489,1,1,0.310667
121,464,1,1,0.310667
431,464,1,1,0.310667
19,495,1,1,0.310667
56,975,1,1,0.310667
625,1053,1,1,0.310667
69,742,1,1,0.310667
511,1055,1,1,0.310667
301,527,1,1,0.310667
527,562,1,1,0.310667
527,568,1,1,0.310667
511,879,1,1,0.310667
313,527,1,1,0.310667
354,1055,1,1,0.310667
528,742,1,1,0.310667
511,528,1,1,0.310667
742,879,1,1,0.310667
625,860,1,1,0.310667
267,296,1,1,0.306928
279,660,1,1,0.306928
15,516,1,1,0.306928
267,516,1,1,0.306928
15,296,1,1,0.306928
398,774,1,1,0.306928
296,516,1,1,0.306928
410,563,1,1,0.306928
89,856,1,1,0.303413
56,390,1,1,0.303413
89,367,1,1,0.303413
337,684,1,1,0.303413
50,372,1,1,0.303413
50,766,1,1,0.303413
621,781,1,1,0.303413
903,918,1,1,0.303413
903,1024,1,1,0.303413
37,294,1,1,0.303413
425,621,1,1,0.303413
196,793,1,1,0.303413
503,793,1,1,0.303413
463,586,1,1,0.303413
731,1007,1,1,0.303413
124,619,1,1,0.303413
788,857,1,1,0.303413
129,153,1,1,0.303413
372,766,1,1,0.303413
89,90,1,1,0.303413
280,290,1,1,0.303413
570,922,1,1,0.303413
280,363,1,1,0.303413
175,290,1,1,0.303413
90,290,1,1,0.303413
90,175,1,1,0.303413
363,464,1,1,0.303413
725,736,1,1,0.303413
520,736,1,1,0.303413
135,520,1,1,0.303413
90,865,1,1,0.303413
367,865,1,1,0.303413
865,1040,1,1,0.303413
856,1040,1,1,0.303413
214,1040,1,1,0.303413
766,922,1,1,0.303413
755,792,1,1,0.303413
89,214,1,1,0.303413
89,1007,1,1,0.303413
89,363,1,1,0.303413
1007,1040,1,1,0.303413
89,841,1,1,0.303413
89,942,1,1,0.303413
363,841,1,1,0.303413
363,942,1,1,0.303413
372,922,1,1,0.303413
841,942,1,1,0.303413
434,696,1,1,0.300102
839,891,1,1,0.300102
195,593,1,1,0.300102
619,941,1,1,0.300102
468,541,1,1,0.300102
623,955,1,1,0.300102
597,704,1,1,0.300102
569,986,1,1,0.300102
307,861,1,1,0.300102
597,742,1,1,0.300102
597,1051,1,1,0.300102
569,1054,1,1,0.300102
372,561,1,1,0.296974
81,1080,1,1,0.296974
247,274,1,1,0.296974
274,421,1,1,0.296974
247,421,1,1,0.296974
235,686,1,1,0.296974
686,878,1,1,0.296974
245,561,1,1,0.296974
9,1059,1,1,0.294014
357,989,1,1,0.294014
357,1042,1,1,0.294014
260,465,1,1,0.294014
523,858,1,1,0.294014
200,523,1,1,0.294014
318,1044,1,1,0.294014
51,1059,1,1,0.294014
320,400,1,1,0.294014
532,1059,1,1,0.294014
348,530,1,1,0.294014
827,884,1,1,0.294014
155,363,1,1,0.294014
155,927,1,1,0.294014
800,1044,1,1,0.294014
230,462,1,1,0.294014
405,703,1,1,0.294014
363,927,1,1,0.294014
683,827,1,1,0.294014
372,827,1,1,0.294014
372,884,1,1,0.294014
305,650,1,1,0.294014
265,922,1,1,0.294014
879,916,1,1,0.294014
319,1047,1,1,0.294014
921,1047,1,1,0.294014
7,773,1,1,0.294014
123,774,1,1,0.294014
741,974,1,1,0.294014
176,405,1,1,0.294014
527,929,1,1,0.294014
804,970,1,1,0.294014
435,451,1,1,0.294014
435,929,1,1,0.294014
362,879,1,1,0.294014
362,916,1,1,0.294014
235,246,1,1,0.294014
7,491,1,1,0.294014
616,742,1,1,0.294014
742,865,1,1,0.294014
773,1047,1,1,0.294014
451,929,1,1,0.294014
783,979,1,1,0.294014
2,592,1,1,0.294014
43,582,1,1,0.294014
595,735,1,1,0.294014
595,972,1,1,0.294014
592,976,1,1,0.294014
319,583,1,1,0.294014
629,985,1,1,0.291207
999,1017,1,1,0.291207
316,759,1,1,0.291207
295,806,1,1,0.291207
10,417,1,1,0.291207
275,417,1,1,0.291207
131,629,1,1,0.291207
131,985,1,1,0.291207
169,512,1,1,0.291207
169,734,1,1,0.291207
417,708,1,1,0.291207
92,346,1,1,0.291207
708,759,1,1,0.291207
293,387,1,1,0.291207
387,768,1,1,0.291207
512,734,1,1,0.291207
325,734,1,1,0.291207
325,512,1,1,0.291207
301,346,1,1,0.291207
169,325,1,1,0.291207
92,301,1,1,0.291207
37,250,1,1,0.291207
922,1030,1,1,0.291207
721,1021,1,1,0.291207
39,1021,1,1,0.291207
512,708,1,1,0.291207
512,715,1,1,0.291207
905,1059,1,1,0.288539
175,1059,1,1,0.288539
1055,1059,1,1,0.288539
172,991,1,1,0.288539
95,991,1,1,0.288539
539,688,1,1,0.288539
518,1013,1,1,0.288539
119,1013,1,1,0.288539
76,991,1,1,0.288539
995,1054,1,1,0.286
474,562,1,1,0.286
121,1054,1,1,0.286
365,1054,1,1,0.286
365,995,1,1,0.286
824,1016,1,1,0.286
188,570,1,1,0.286
267,474,1,1,0.286
267,562,1,1,0.286
253,1040,1,1,0.286
704,716,1,1,0.286
412,562,1,1,0.286
704,916,1,1,0.286
412,474,1,1,0.286
267,762,1,1,0.286
363,901,1,1,0.286
329,887,1,1,0.286
499,611,1,1,0.286
319,619,1,1,0.286
319,635,1,1,0.286
293,335,1,1,0.286
335,698,1,1,0.286
342,819,1,1,0.286
293,993,1,1,0.286
293,723,1,1,0.286
401,499,1,1,0.286
401,611,1,1,0.286
331,335,1,1,0.286
562,762,1,1,0.286
164,377,1,1,0.286
164,832,1,1,0.286
164,989,1,1,0.286
176,377,1,1,0.286
176,832,1,1,0.286
176,989,1,1,0.286
377,832,1,1,0.286
377,989,1,1,0.286
832,989,1,1,0.286
474,762,1,1,0.286
111,1071,1,1,0.286
121,762,1,1,0.286
462,466,1,1,0.286
9,98,1,1,0.286
9,462,1,1,0.286
98,462,1,1,0.286
206,462,1,1,0.286
206,532,1,1,0.286
14,286,1,1,0.286
33,1039,1,1,0.286
206,833,1,1,0.286
462,532,1,1,0.286
532,833,1,1,0.286
462,833,1,1,0.286
466,532,1,1,0.286
466,833,1,1,0.286
377,970,1,1,0.286
9,970,1,1,0.286
9,377,1,1,0.286
121,440,1,1,0.286
906,1048,1,1,0.286
474,745,1,1,0.286
471,879,1,1,0.286
235,879,1,1,0.286
371,906,1,1,0.286
121,889,1,1,0.286
440,889,1,1,0.286
355,363,1,1,0.286
355,474,1,1,0.286
355,758,1,1,0.286
355,901,1,1,0.286
363,474,1,1,0.286
363,758,1,1,0.286
293,619,1,1,0.286
474,758,1,1,0.286
474,901,1,1,0.286
758,901,1,1,0.286
121,474,1,1,0.286
121,817,1,1,0.286
121,976,1,1,0.286
474,817,1,1,0.286
817,976,1,1,0.286
107,290,1,1,0.286
267,510,1,1,0.283578
35,416,1,1,0.283578
35,978,1,1,0.283578
416,978,1,1,0.283578
858,978,1,1,0.283578
664,751,1,1,0.283578
596,989,1,1,0.283578
495,951,1,1,0.283578
335,951,1,1,0.283578
527,750,1,1,0.283578
254,527,1,1,0.283578
138,404,1,1,0.281266
138,635,1,1,0.281266
508,790,1,1,0.281266
484,1054,1,1,0.281266
235,331,1,1,0.281266
823,1042,1,1,0.281266
823,1001,1,1,0.281266
235,1027,1,1,0.281266
267,796,1,1,0.281266
621,790,1,1,0.281266
138,187,1,1,0.281266
23,508,1,1,0.281266
398,508,1,1,0.281266
19,23,1,1,0.281266
19,398,1,1,0.281266
76,169,1,1,0.281266
333,660,1,1,0.281266
23,515,1,1,0.281266
515,614,1,1,0.281266
404,750,1,1,0.281266
129,614,1,1,0.281266
206,614,1,1,0.281266
129,235,1,1,0.281266
206,235,1,1,0.281266
404,635,1,1,0.281266
138,750,1,1,0.281266
560,647,1,1,0.281266
623,647,1,1,0.281266
647,812,1,1,0.281266
746,812,1,1,0.281266
532,594,1,1,0.274908
783,1045,1,1,0.274908
137,282,1,1,0.274908
659,926,1,1,0.272958
756,1053,1,1,0.271085
746,915,1,1,0.271085
50,204,1,1,0.271085
463,728,1,1,0.271085
368,970,1,1,0.269283
652,970,1,1,0.269283
17,901,1,1,0.269283
891,1044,1,1,0.269283
643,817,1,1,0.269283
522,860,1,1,0.269283
17,248,1,1,0.269283
652,891,1,1,0.269283
17,522,1,1,0.269283
248,901,1,1,0.269283
522,901,1,1,0.269283
665,1035,1,1,0.269283
248,522,1,1,0.269283
392,901,1,1,0.269283
1019,1042,1,1,0.267546
578,1033,1,1,0.267546
657,1065,1,1,0.267546
265,368,1,1,0.267546
196,689,1,1,0.265873
814,848,1,1,0.265873
212,377,1,1,0.265873
188,633,1,1,0.265873
715,906,1,1,0.265873
356,1070,1,1,0.265873
239,702,1,1,0.264257
239,709,1,1,0.264257
518,856,1,1,0.264257
231,260,1,1,0.264257
86,709,1,1,0.264257
354,922,1,1,0.264257
354,1010,1,1,0.264257
474,930,1,1,0.264257
354,1021,1,1,0.264257
219,239,1,1,0.264257
58,728,1,1,0.264257
219,1035,1,1,0.264257
702,709,1,1,0.264257
42,474,1,1,0.262697
42,319,1,1,0.262697
467,947,1,1,0.262697
474,956,1,1,0.262697
354,474,1,1,0.262697
119,474,1,1,0.262697
42,812,1,1,0.262697
474,722,1,1,0.262697
172,498,1,1,0.262697
722,956,1,1,0.262697
172,947,1,1,0.262697
335,498,1,1,0.262697
121,664,1,1,0.262697
474,947,1,1,0.262697
70,1037,1,1,0.262697
664,847,1,1,0.262697
42,445,1,1,0.262697
42,664,1,1,0.262697
319,498,1,1,0.262697
558,664,1,1,0.262697
494,514,1,1,0.262697
500,514,1,1,0.262697
514,812,1,1,0.262697
521,812,1,1,0.262697
342,681,1,1,0.261189
78,689,1,1,0.25973
360,420,1,1,0.25973
422,596,1,1,0.25973
65,230,1,1,0.25973
689,1049,1,1,0.25973
534,1049,1,1,0.25973
316,955,1,1,0.25973
230,334,1,1,0.25973
407,1067,1,1,0.25973
534,588,1,1,0.25973
967,1007,1,1,0.25973
669,689,1,1,0.25973
447,924,1,1,0.25973
287,623,1,1,0.25973
56,864,1,1,0.25973
588,689,1,1,0.25973
287,704,1,1,0.25973
809,1019,1,1,0.25973
90,1053,1,1,0.25973
121,979,1,1,0.258318
354,1026,1,1,0.258318
319,507,1,1,0.258318
181,507,1,1,0.258318
130,699,1,1,0.258318
155,985,1,1,0.258318
14,979,1,1,0.258318
280,833,1,1,0.258318
290,577,1,1,0.258318
904,1027,1,1,0.258318
409,474,1,1,0.258318
412,736,1,1,0.256949
121,906,1,1,0.256949
354,652,1,1,0.256949
121,354,1,1,0.256949
121,560,1,1,0.256949
779,1004,1,1,0.256949
779,921,1,1,0.256949
10,368,1,1,0.256949
338,799,1,1,0.256949
10,1001,1,1,0.256949
779,806,1,1,0.256949
736,806,1,1,0.256949
734,806,1,1,0.256949
280,468,1,1,0.256949
279,548,1,1,0.256949
354,560,1,1,0.256949
412,806,1,1,0.256949
495,723,1,1,0.256949
121,652,1,1,0.256949
33,462,1,1,0.256949
100,280,1,1,0.256949
412,734,1,1,0.256949
750,1018,1,1,0.256949
23,702,1,1,0.256949
23,814,1,1,0.256949
100,401,1,1,0.256949
100,814,1,1,0.256949
114,940,1,1,0.256949
23,922,1,1,0.256949
23,267,1,1,0.256949
23,238,1,1,0.256949
159,495,1,1,0.256949
80,280,1,1,0.256949
159,527,1,1,0.256949
401,468,1,1,0.256949
468,814,1,1,0.256949
159,576,1,1,0.256949
921,1004,1,1,0.256949
159,723,1,1,0.256949
80,257,1,1,0.256949
80,702,1,1,0.256949
354,906,1,1,0.256949
407,734,1,1,0.256949
511,736,1,1,0.256949
291,745,1,1,0.256949
285,745,1,1,0.256949
285,521,1,1,0.256949
285,511,1,1,0.256949
285,407,1,1,0.256949
521,1071,1,1,0.256949
439,521,1,1,0.256949
293,745,1,1,0.256949
293,521,1,1,0.256949
291,521,1,1,0.256949
238,495,1,1,0.256949
267,527,1,1,0.256949
293,315,1,1,0.256949
238,576,1,1,0.256949
535,1071,1,1,0.256949
23,401,1,1,0.256949
439,535,1,1,0.256949
315,535,1,1,0.256949
313,1013,1,1,0.256949
407,521,1,1,0.256949
74,1014,1,1,0.256949
267,767,1,1,0.256949
23,74,1,1,0.256949
511,745,1,1,0.256949
576,723,1,1,0.256949
723,767,1,1,0.256949
723,1014,1,1,0.256949
511,521,1,1,0.256949
560,652,1,1,0.256949
560,906,1,1,0.256949
652,906,1,1,0.256949
121,291,1,1,0.256949
576,922,1,1,0.256949
495,922,1,1,0.256949
121,315,1,1,0.256949
407,745,1,1,0.256949
121,439,1,1,0.256949
121,535,1,1,0.256949
121,1071,1,1,0.256949
291,535,1,1,0.256949
23,257,1,1,0.256949
527,723,1,1,0.256949
181,461,1,1,0.255622
974,1000,1,1,0.255622
84,887,1,1,0.255622
181,311,1,1,0.255622
706,1082,1,1,0.255622
264,664,1,1,0.255622
264,1000,1,1,0.255622
1052,1082,1,1,0.255622
879,974,1,1,0.255622
664,1082,1,1,0.255622
461,1000,1,1,0.255622
239,655,1,1,0.255622
108,814,1,1,0.255622
1000,1052,1,1,0.255622
480,974,1,1,0.255622
655,974,1,1,0.255622
181,974,1,1,0.255622
331,664,1,1,0.255622
181,460,1,1,0.255622
838,974,1,1,0.255622
181,270,1,1,0.255622
655,1000,1,1,0.255622
181,655,1,1,0.255622
327,702,1,1,0.254335
29,34,1,1,0.254335
828,1058,1,1,0.254335
365,464,1,1,0.254335
464,520,1,1,0.254335
464,750,1,1,0.254335
1054,1058,1,1,0.254335
23,520,1,1,0.254335
20,29,1,1,0.254335
29,95,1,1,0.254335
20,1016,1,1,0.254335
29,323,1,1,0.254335
29,828,1,1,0.254335
29,921,1,1,0.254335
363,1054,1,1,0.254335
235,790,1,1,0.254335
23,750,1,1,0.254335
23,1014,1,1,0.254335
323,1058,1,1,0.254335
20,792,1,1,0.254335
74,240,1,1,0.254335
611,822,1,1,0.254335
74,823,1,1,0.254335
74,974,1,1,0.254335
240,823,1,1,0.254335
240,974,1,1,0.254335
823,974,1,1,0.254335
790,822,1,1,0.254335
390,1054,1,1,0.254335
611,790,1,1,0.254335
20,310,1,1,0.254335
523,790,1,1,0.254335
523,611,1,1,0.254335
369,790,1,1,0.254335
34,748,1,1,0.254335
369,611,1,1,0.254335
748,1016,1,1,0.254335
748,1058,1,1,0.254335
640,781,1,1,0.254335
95,1058,1,1,0.254335
856,1054,1,1,0.254335
19,523,1,1,0.254335
365,1014,1,1,0.254335
235,709,1,1,0.254335
369,709,1,1,0.254335
709,822,1,1,0.254335
19,235,1,1,0.254335
19,369,1,1,0.254335
19,611,1,1,0.254335
145,856,1,1,0.254335
19,790,1,1,0.254335
19,822,1,1,0.254335
235,611,1,1,0.254335
767,993,1,1,0.254335
157,310,1,1,0.254335
310,767,1,1,0.254335
145,933,1,1,0.254335
145,709,1,1,0.254335
346,993,1,1,0.254335
29,145,1,1,0.254335
145,635,1,1,0.254335
748,993,1,1,0.254335
145,363,1,1,0.254335
145,390,1,1,0.254335
300,1014,1,1,0.254335
933,1054,1,1,0.254335
157,993,1,1,0.254335
346,792,1,1,0.254335
159,300,1,1,0.254335
423,544,1,1,0.253085
313,918,1,1,0.253085
22,127,1,1,0.253085
903,1059,1,1,0.253085
298,826,1,1,0.251871
140,868,1,1,0.251871
419,652,1,1,0.247338
159,792,1,1,0.247338
150,633,1,1,0.247338
26,62,1,1,0.247338
696,892,1,1,0.247338
657,762,1,1,0.244239
140,827,1,1,0.244239
412,934,1,1,0.244239
364,1054,1,1,0.244239
201,889,1,1,0.244239
445,943,1,1,0.244239
445,1030,1,1,0.244239
838,962,1,1,0.244239
267,928,1,1,0.244239
371,838,1,1,0.244239
90,619,1,1,0.244239
495,784,1,1,0.244239
267,934,1,1,0.244239
84,745,1,1,0.244239
121,392,1,1,0.244239
464,879,1,1,0.244239
635,934,1,1,0.244239
515,527,1,1,0.244239
464,817,1,1,0.244239
657,1054,1,1,0.244239
201,657,1,1,0.244239
779,880,1,1,0.244239
105,734,1,1,0.244239
9,734,1,1,0.244239
445,1054,1,1,0.244239
779,838,1,1,0.244239
412,817,1,1,0.244239
412,745,1,1,0.244239
762,879,1,1,0.244239
842,934,1,1,0.244239
750,827,1,1,0.244239
485,827,1,1,0.244239
121,527,1,1,0.244239
201,364,1,1,0.244239
604,943,1,1,0.244239
199,646,1,1,0.244239
371,646,1,1,0.244239
20,768,1,1,0.244239
392,1014,1,1,0.244239
604,635,1,1,0.244239
485,1054,1,1,0.244239
485,1030,1,1,0.244239
527,554,1,1,0.244239
442,962,1,1,0.244239
554,797,1,1,0.244239
140,1054,1,1,0.244239
742,1004,1,1,0.244239
485,635,1,1,0.244239
784,962,1,1,0.244239
169,762,1,1,0.244239
928,1004,1,1,0.244239
199,412,1,1,0.244239
199,880,1,1,0.244239
167,838,1,1,0.244239
392,797,1,1,0.244239
140,1030,1,1,0.244239
463,779,1,1,0.244239
554,1014,1,1,0.244239
445,635,1,1,0.244239
485,943,1,1,0.244239
121,554,1,1,0.244239
121,797,1,1,0.244239
750,1054,1,1,0.244239
121,1014,1,1,0.244239
140,635,1,1,0.244239
474,797,1,1,0.244239
392,527,1,1,0.244239
392,554,1,1,0.244239
750,1030,1,1,0.244239
140,943,1,1,0.244239
90,201,1,1,0.244239
412,922,1,1,0.244239
167,646,1,1,0.244239
750,943,1,1,0.244239
412,471,1,1,0.244239
187,412,1,1,0.244239
604,1030,1,1,0.244239
20,934,1,1,0.244239
141,439,1,1,0.244239
657,1004,1,1,0.244239
476,976,1,1,0.244239
474,921,1,1,0.244239
646,742,1,1,0.244239
233,921,1,1,0.244239
183,921,1,1,0.244239
187,474,1,1,0.244239
183,187,1,1,0.244239
267,621,1,1,0.244239
235,260,1,1,0.244239
23,489,1,1,0.244239
463,633,1,1,0.244239
463,745,1,1,0.244239
463,612,1,1,0.244239
474,1000,1,1,0.244239
84,633,1,1,0.244239
159,657,1,1,0.244239
159,921,1,1,0.244239
84,612,1,1,0.244239
621,657,1,1,0.244239
621,921,1,1,0.244239
99,921,1,1,0.244239
84,417,1,1,0.244239
495,906,1,1,0.244239
471,996,1,1,0.244239
797,1030,1,1,0.244239
508,1004,1,1,0.244239
1,621,1,1,0.244239
293,976,1,1,0.244239
187,827,1,1,0.244239
199,293,1,1,0.244239
141,489,1,1,0.244239
327,439,1,1,0.244239
327,489,1,1,0.244239
436,484,1,1,0.244239
235,436,1,1,0.244239
474,549,1,1,0.244239
439,612,1,1,0.244239
417,439,1,1,0.244239
474,891,1,1,0.244239
549,621,1,1,0.244239
549,891,1,1,0.244239
621,891,1,1,0.244239
489,889,1,1,0.244239
489,633,1,1,0.244239
159,891,1,1,0.244239
436,621,1,1,0.244239
159,549,1,1,0.244239
628,891,1,1,0.244239
404,628,1,1,0.244239
267,300,1,1,0.244239
495,1030,1,1,0.244239
199,300,1,1,0.244239
199,267,1,1,0.244239
515,646,1,1,0.244239
69,768,1,1,0.244239
69,827,1,1,0.244239
797,906,1,1,0.244239
527,1030,1,1,0.244239
508,921,1,1,0.244239
901,928,1,1,0.244239
201,842,1,1,0.244239
9,56,1,1,0.244239
604,996,1,1,0.244239
9,121,1,1,0.244239
9,392,1,1,0.244239
9,527,1,1,0.244239
9,554,1,1,0.244239
9,797,1,1,0.244239
9,1014,1,1,0.244239
56,121,1,1,0.244239
56,392,1,1,0.244239
619,921,1,1,0.244239
527,906,1,1,0.244239
619,1000,1,1,0.244239
141,327,1,1,0.244239
56,554,1,1,0.244239
742,921,1,1,0.244239
889,1054,1,1,0.244239
742,1000,1,1,0.244239
300,734,1,1,0.244239
921,934,1,1,0.244239
934,1000,1,1,0.244239
56,797,1,1,0.244239
99,1004,1,1,0.244239
56,1014,1,1,0.244239
9,661,1,1,0.244239
300,661,1,1,0.244239
105,646,1,1,0.244239
646,661,1,1,0.244239
23,464,1,1,0.244239
201,827,1,1,0.244239
99,1000,1,1,0.244239
267,471,1,1,0.244239
267,1014,1,1,0.244239
1,458,1,1,0.244239
827,901,1,1,0.244239
515,797,1,1,0.244239
260,458,1,1,0.244239
442,474,1,1,0.244239
169,495,1,1,0.244239
458,1014,1,1,0.244239
404,471,1,1,0.244239
471,791,1,1,0.244239
827,922,1,1,0.244239
238,392,1,1,0.244239
238,404,1,1,0.244239
493,993,1,1,0.244239
238,458,1,1,0.244239
238,791,1,1,0.244239
392,404,1,1,0.244239
392,458,1,1,0.244239
392,791,1,1,0.244239
84,779,1,1,0.244239
19,816,1,1,0.242299
378,468,1,1,0.242299
179,221,1,1,0.242299
259,816,1,1,0.242299
716,781,1,1,0.242299
549,797,1,1,0.239556
768,1000,1,1,0.239556
74,439,1,1,0.239556
84,280,1,1,0.239556
145,280,1,1,0.239556
167,280,1,1,0.239556
280,418,1,1,0.239556
280,474,1,1,0.239556
280,734,1,1,0.239556
84,413,1,1,0.239556
145,413,1,1,0.239556
171,413,1,1,0.239556
167,439,1,1,0.239556
418,439,1,1,0.239556
458,734,1,1,0.239556
74,413,1,1,0.239556
74,458,1,1,0.239556
750,895,1,1,0.239556
74,474,1,1,0.239556
74,750,1,1,0.239556
74,895,1,1,0.239556
74,976,1,1,0.239556
413,750,1,1,0.239556
524,1000,1,1,0.239556
413,976,1,1,0.239556
439,750,1,1,0.239556
439,895,1,1,0.239556
439,976,1,1,0.239556
458,895,1,1,0.239556
458,976,1,1,0.239556
474,750,1,1,0.239556
827,906,1,1,0.239556
806,906,1,1,0.239556
744,906,1,1,0.239556
621,906,1,1,0.239556
267,443,1,1,0.239556
267,484,1,1,0.239556
267,1018,1,1,0.239556
484,1018,1,1,0.239556
19,484,1,1,0.239556
484,577,1,1,0.239556
19,365,1,1,0.239556
19,516,1,1,0.239556
19,521,1,1,0.239556
19,744,1,1,0.239556
19,806,1,1,0.239556
19,827,1,1,0.239556
365,577,1,1,0.239556
516,577,1,1,0.239556
521,577,1,1,0.239556
577,744,1,1,0.239556
577,806,1,1,0.239556
577,827,1,1,0.239556
365,621,1,1,0.239556
365,906,1,1,0.239556
516,621,1,1,0.239556
516,906,1,1,0.239556
521,621,1,1,0.239556
521,906,1,1,0.239556
621,744,1,1,0.239556
621,806,1,1,0.239556
621,827,1,1,0.239556
474,895,1,1,0.239556
413,895,1,1,0.239556
750,976,1,1,0.239556
354,797,1,1,0.239556
254,344,1,1,0.239556
254,386,1,1,0.239556
254,604,1,1,0.239556
254,742,1,1,0.239556
254,797,1,1,0.239556
254,854,1,1,0.239556
344,354,1,1,0.239556
344,386,1,1,0.239556
344,604,1,1,0.239556
344,742,1,1,0.239556
344,797,1,1,0.239556
344,854,1,1,0.239556
354,386,1,1,0.239556
354,604,1,1,0.239556
354,854,1,1,0.239556
895,976,1,1,0.239556
386,604,1,1,0.239556
386,742,1,1,0.239556
386,797,1,1,0.239556
386,854,1,1,0.239556
354,463,1,1,0.239556
445,463,1,1,0.239556
463,489,1,1,0.239556
463,508,1,1,0.239556
463,524,1,1,0.239556
463,768,1,1,0.239556
463,892,1,1,0.239556
364,1000,1,1,0.239556
445,1000,1,1,0.239556
489,1000,1,1,0.239556
861,1054,1,1,0.239556
171,280,1,1,0.239556
797,1054,1,1,0.239556
797,861,1,1,0.239556
293,638,1,1,0.239556
293,857,1,1,0.239556
293,549,1,1,0.239556
549,604,1,1,0.239556
549,742,1,1,0.239556
293,474,1,1,0.239556
549,854,1,1,0.239556
549,861,1,1,0.239556
549,1054,1,1,0.239556
604,861,1,1,0.239556
742,861,1,1,0.239556
742,1054,1,1,0.239556
293,856,1,1,0.239556
854,861,1,1,0.239556
293,311,1,1,0.239556
238,293,1,1,0.239556
311,828,1,1,0.239556
311,527,1,1,0.239556
1,857,1,1,0.239556
1,856,1,1,0.239556
1,828,1,1,0.239556
854,1054,1,1,0.239556
1,638,1,1,0.239556
1,527,1,1,0.239556
1,474,1,1,0.239556
1,238,1,1,0.239556
55,933,1,1,0.236994
745,922,1,1,0.236994
519,633,1,1,0.236994
114,942,1,1,0.236994
312,933,1,1,0.236994
904,944,1,1,0.236994
340,783,1,1,0.236994
313,466,1,1,0.236994
120,313,1,1,0.236994
247,280,1,1,0.236994
103,216,1,1,0.236994
280,992,1,1,0.236994
35,463,1,1,0.236994
35,509,1,1,0.236994
3,79,1,1,0.236994
303,1061,1,1,0.236994
519,598,1,1,0.236994
35,340,1,1,0.236994
294,509,1,1,0.236994
680,852,1,1,0.234594
323,541,1,1,0.234594
286,505,1,1,0.234594
462,953,1,1,0.234594
153,953,1,1,0.234594
153,462,1,1,0.234594
210,839,1,1,0.234594
727,992,1,1,0.234594
553,992,1,1,0.234594
553,727,1,1,0.234594
60,992,1,1,0.234594
60,727,1,1,0.234594
60,553,1,1,0.234594
976,1079,1,1,0.234594
495,1079,1,1,0.234594
495,976,1,1,0.234594
325,1079,1,1,0.234594
325,976,1,1,0.234594
325,495,1,1,0.234594
324,869,1,1,0.234594
153,869,1,1,0.234594
153,324,1,1,0.234594
62,869,1,1,0.234594
62,324,1,1,0.234594
62,153,1,1,0.234594
708,766,1,1,0.234594
286,442,1,1,0.234594
286,680,1,1,0.234594
108,312,1,1,0.234594
286,852,1,1,0.234594
541,708,1,1,0.234594
325,708,1,1,0.234594
325,541,1,1,0.234594
323,708,1,1,0.234594
323,325,1,1,0.234594
11,665,1,1,0.234594
708,878,1,1,0.234594
464,878,1,1,0.234594
464,708,1,1,0.234594
708,944,1,1,0.234594
291,944,1,1,0.234594
413,742,1,1,0.234594
413,494,1,1,0.234594
852,869,1,1,0.234594
680,869,1,1,0.234594
505,869,1,1,0.234594
505,852,1,1,0.234594
505,680,1,1,0.234594
442,869,1,1,0.234594
442,852,1,1,0.234594
442,680,1,1,0.234594
442,505,1,1,0.234594
286,869,1,1,0.234594
312,800,1,1,0.234594
413,766,1,1,0.234594
125,495,1,1,0.234594
495,596,1,1,0.234594
593,830,1,1,0.234594
216,830,1,1,0.234594
216,593,1,1,0.234594
593,766,1,1,0.234594
349,913,1,1,0.234594
216,644,1,1,0.234594
125,216,1,1,0.234594
495,950,1,1,0.234594
125,766,1,1,0.234594
593,1021,1,1,0.234594
257,593,1,1,0.234594
26,125,1,1,0.234594
593,596,1,1,0.234594
257,1021,1,1,0.234594
129,495,1,1,0.234594
321,495,1,1,0.234594
596,634,1,1,0.234594
327,617,1,1,0.234594
476,766,1,1,0.234594
349,766,1,1,0.234594
119,766,1,1,0.234594
125,456,1,1,0.234594
62,244,1,1,0.233827
150,571,1,1,0.233827
152,696,1,1,0.233827
800,980,1,1,0.233827
507,529,1,1,0.233827
103,529,1,1,0.233827
58,632,1,1,0.233827
58,409,1,1,0.233827
731,1001,1,1,0.233827
507,762,1,1,0.233827
217,495,1,1,0.233827
70,841,1,1,0.233827
427,1031,1,1,0.233827
76,513,1,1,0.233827
245,853,1,1,0.232338
375,579,1,1,0.232338
906,1018,1,1,0.232338
598,619,1,1,0.232338
669,839,1,1,0.232338
431,798,1,1,0.232338
511,526,1,1,0.232338
561,579,1,1,0.232338
579,599,1,1,0.232338
513,701,1,1,0.232338
535,659,1,1,0.230908
413,535,1,1,0.230908
413,659,1,1,0.230908
413,979,1,1,0.230908
535,979,1,1,0.230908
58,615,1,1,0.230908
214,406,1,1,0.230908
982,994,1,1,0.230908
210,1013,1,1,0.230908
210,937,1,1,0.230908
114,130,1,1,0.230908
464,615,1,1,0.230908
423,615,1,1,0.230908
349,615,1,1,0.230908
349,423,1,1,0.230908
423,674,1,1,0.230908
58,214,1,1,0.230908
937,1013,1,1,0.230908
659,979,1,1,0.230908
372,1019,1,1,0.228862
761,1021,1,1,0.228862
395,1021,1,1,0.228862
148,823,1,1,0.228862
148,1068,1,1,0.228862
54,156,1,1,0.228862
27,54,1,1,0.228862
234,837,1,1,0.228862
160,761,1,1,0.228862
286,837,1,1,0.228862
331,837,1,1,0.228862
90,358,1,1,0.228862
521,837,1,1,0.228862
90,921,1,1,0.228862
837,1002,1,1,0.228862
358,486,1,1,0.228862
358,635,1,1,0.228862
837,1050,1,1,0.228862
148,659,1,1,0.228862
1027,1068,1,1,0.228862
823,1027,1,1,0.228862
70,1019,1,1,0.228862
70,336,1,1,0.228862
70,1027,1,1,0.228862
343,732,1,1,0.228862
70,160,1,1,0.228862
70,284,1,1,0.228862
70,732,1,1,0.228862
336,659,1,1,0.228862
70,1021,1,1,0.228862
659,1027,1,1,0.228862
284,1021,1,1,0.228862
284,1019,1,1,0.228862
358,921,1,1,0.228862
160,284,1,1,0.228862
284,732,1,1,0.228862
336,823,1,1,0.228862
336,1068,1,1,0.228862
358,759,1,1,0.228862
410,463,1,1,0.228862
486,635,1,1,0.228862
304,885,1,1,0.228862
201,921,1,1,0.228862
295,304,1,1,0.228862
295,340,1,1,0.228862
295,885,1,1,0.228862
295,921,1,1,0.228862
304,340,1,1,0.228862
304,921,1,1,0.228862
223,512,1,1,0.228862
340,885,1,1,0.228862
340,921,1,1,0.228862
166,679,1,1,0.228862
129,395,1,1,0.228862
486,521,1,1,0.228862
350,486,1,1,0.228862
201,885,1,1,0.228862
201,340,1,1,0.228862
201,295,1,1,0.228862
166,340,1,1,0.228862
166,304,1,1,0.228862
166,295,1,1,0.228862
166,201,1,1,0.228862
129,340,1,1,0.228862
129,304,1,1,0.228862
129,295,1,1,0.228862
129,201,1,1,0.228862
201,523,1,1,0.228862
201,410,1,1,0.228862
304,331,1,1,0.228862
523,890,1,1,0.228862
523,796,1,1,0.228862
523,750,1,1,0.228862
328,486,1,1,0.228862
588,938,1,1,0.228862
486,921,1,1,0.228862
156,750,1,1,0.228862
160,395,1,1,0.228862
589,635,1,1,0.228862
523,589,1,1,0.228862
463,635,1,1,0.228862
156,890,1,1,0.228862
156,796,1,1,0.228862
156,709,1,1,0.228862
512,938,1,1,0.228862
156,635,1,1,0.228862
156,589,1,1,0.228862
156,463,1,1,0.228862
759,921,1,1,0.228862
635,921,1,1,0.228862
635,759,1,1,0.228862
635,709,1,1,0.228862
624,727,1,1,0.228862
635,890,1,1,0.228862
331,463,1,1,0.228862
372,679,1,1,0.228862
343,679,1,1,0.228862
761,921,1,1,0.228862
761,885,1,1,0.228862
395,921,1,1,0.228862
395,885,1,1,0.228862
129,761,1,1,0.228862
404,999,1,1,0.228862
404,1042,1,1,0.228862
942,999,1,1,0.228862
942,1042,1,1,0.228862
999,1042,1,1,0.228862
512,588,1,1,0.228862
404,942,1,1,0.228862
486,866,1,1,0.228862
368,707,1,1,0.228862
357,921,1,1,0.228862
179,796,1,1,0.228862
583,657,1,1,0.228862
583,796,1,1,0.228862
657,796,1,1,0.228862
99,634,1,1,0.228862
99,404,1,1,0.228862
21,336,1,1,0.228862
179,583,1,1,0.228862
21,1019,1,1,0.228862
171,392,1,1,0.228862
70,634,1,1,0.228862
70,679,1,1,0.228862
634,679,1,1,0.228862
709,901,1,1,0.228862
179,657,1,1,0.228862
171,796,1,1,0.228862
211,608,1,1,0.228862
198,331,1,1,0.228862
496,964,1,1,0.228862
521,522,1,1,0.228862
938,964,1,1,0.228862
211,331,1,1,0.228862
198,234,1,1,0.228862
198,286,1,1,0.228862
198,496,1,1,0.228862
171,657,1,1,0.228862
198,522,1,1,0.228862
198,1002,1,1,0.228862
198,1050,1,1,0.228862
211,390,1,1,0.228862
171,179,1,1,0.228862
171,583,1,1,0.228862
211,398,1,1,0.228862
206,390,1,1,0.228862
47,624,1,1,0.228862
129,827,1,1,0.228862
260,510,1,1,0.228862
442,989,1,1,0.228862
815,907,1,1,0.228862
95,296,1,1,0.228862
95,624,1,1,0.228862
296,624,1,1,0.228862
445,553,1,1,0.228862
73,510,1,1,0.228862
315,364,1,1,0.228862
315,827,1,1,0.228862
364,827,1,1,0.228862
95,331,1,1,0.228862
47,727,1,1,0.228862
536,727,1,1,0.228862
260,496,1,1,0.228862
73,496,1,1,0.228862
206,398,1,1,0.228862
719,734,1,1,0.228862
54,206,1,1,0.228862
54,331,1,1,0.228862
54,608,1,1,0.228862
73,365,1,1,0.228862
73,719,1,1,0.228862
73,734,1,1,0.228862
194,365,1,1,0.228862
73,260,1,1,0.228862
194,734,1,1,0.228862
191,194,1,1,0.228862
364,504,1,1,0.228862
364,1028,1,1,0.228862
504,1028,1,1,0.228862
445,938,1,1,0.228862
496,938,1,1,0.228862
47,331,1,1,0.228862
368,536,1,1,0.228862
417,1028,1,1,0.228862
13,401,1,1,0.228862
417,863,1,1,0.228862
371,428,1,1,0.228862
953,1050,1,1,0.228862
211,428,1,1,0.228862
34,759,1,1,0.228862
90,156,1,1,0.228862
90,328,1,1,0.228862
211,371,1,1,0.228862
536,707,1,1,0.228862
90,350,1,1,0.228862
90,866,1,1,0.228862
156,486,1,1,0.228862
390,536,1,1,0.228862
202,707,1,1,0.228862
496,521,1,1,0.228862
202,536,1,1,0.228862
13,914,1,1,0.228862
73,419,1,1,0.228862
13,953,1,1,0.228862
857,914,1,1,0.228862
82,866,1,1,0.228862
82,521,1,1,0.228862
82,350,1,1,0.228862
82,328,1,1,0.228862
82,156,1,1,0.228862
401,914,1,1,0.228862
331,624,1,1,0.228862
34,82,1,1,0.228862
202,368,1,1,0.228862
914,953,1,1,0.228862
863,1028,1,1,0.228862
938,949,1,1,0.228862
401,953,1,1,0.228862
36,780,1,1,0.228205
324,1004,1,1,0.228205
152,506,1,1,0.228205
187,1023,1,1,0.228205
951,1056,1,1,0.228205
14,66,1,1,0.226926
14,56,1,1,0.226926
14,143,1,1,0.226926
247,586,1,1,0.226926
177,626,1,1,0.226926
175,626,1,1,0.226926
175,1076,1,1,0.226926
175,177,1,1,0.226926
14,760,1,1,0.226926
519,906,1,1,0.226926
14,940,1,1,0.226926
135,586,1,1,0.226926
1039,1068,1,1,0.226926
519,969,1,1,0.226926
173,188,1,1,0.226926
14,1042,1,1,0.226926
14,130,1,1,0.226926
400,601,1,1,0.226926
14,991,1,1,0.226926
283,1072,1,1,0.226926
601,962,1,1,0.226926
377,797,1,1,0.226926
377,962,1,1,0.226926
797,962,1,1,0.226926
14,559,1,1,0.226926
90,944,1,1,0.226926
14,811,1,1,0.226926
475,519,1,1,0.226926
475,1055,1,1,0.226926
14,962,1,1,0.226926
56,519,1,1,0.226926
56,601,1,1,0.226926
519,601,1,1,0.226926
519,879,1,1,0.226926
646,969,1,1,0.226926
247,329,1,1,0.226926
14,906,1,1,0.226926
247,539,1,1,0.226926
329,539,1,1,0.226926
130,372,1,1,0.226926
244,572,1,1,0.225692
564,572,1,1,0.225692
130,956,1,1,0.225692
212,906,1,1,0.225692
856,953,1,1,0.225692
298,1061,1,1,0.225692
130,244,1,1,0.225692
130,564,1,1,0.225692
888,1012,1,1,0.225692
208,1064,1,1,0.225692
1012,1030,1,1,0.225692
629,1030,1,1,0.225692
244,564,1,1,0.225692
130,572,1,1,0.225692
244,506,1,1,0.225692
265,351,1,1,0.221151
130,981,1,1,0.221151
187,745,1,1,0.221151
56,438,1,1,0.221151
274,532,1,1,0.221151
10,56,1,1,0.221151
233,1071,1,1,0.221151
490,719,1,1,0.221151
313,711,1,1,0.221151
438,780,1,1,0.221151
81,736,1,1,0.221151
291,846,1,1,0.221151
48,56,1,1,0.221151
280,766,1,1,0.221151
231,289,1,1,0.221151
130,510,1,1,0.221151
81,438,1,1,0.221151
119,745,1,1,0.221151
175,560,1,1,0.221151
84,130,1,1,0.221151
660,939,1,1,0.221151
387,550,1,1,0.221151
476,653,1,1,0.221151
329,737,1,1,0.221151
733,906,1,1,0.221151
657,906,1,1,0.221151
657,733,1,1,0.221151
414,819,1,1,0.221151
11,416,1,1,0.221151
657,918,1,1,0.221151
187,292,1,1,0.221151
519,745,1,1,0.221151
797,846,1,1,0.221151
282,391,1,1,0.219089
282,613,1,1,0.219089
210,766,1,1,0.219089
453,744,1,1,0.219089
391,613,1,1,0.219089
391,492,1,1,0.219089
744,1045,1,1,0.219089
443,633,1,1,0.219089
478,766,1,1,0.219089
624,830,1,1,0.219089
453,456,1,1,0.219089
81,212,1,1,0.219089
81,766,1,1,0.219089
212,766,1,1,0.219089
137,343,1,1,0.219089
744,766,1,1,0.219089
443,456,1,1,0.219089
397,766,1,1,0.219089
358,443,1,1,0.219089
4,1049,1,1,0.219089
358,633,1,1,0.219089
453,490,1,1,0.219089
490,766,1,1,0.219089
641,766,1,1,0.219089
113,478,1,1,0.219089
307,593,1,1,0.219089
448,495,1,1,0.219089
232,821,1,1,0.219089
358,1045,1,1,0.219089
593,1012,1,1,0.219089
282,596,1,1,0.219089
596,744,1,1,0.219089
4,453,1,1,0.219089
443,593,1,1,0.219089
453,865,1,1,0.219089
270,766,1,1,0.219089
649,1061,1,1,0.219089
270,507,1,1,0.219089
364,650,1,1,0.219089
400,448,1,1,0.219089
468,495,1,1,0.219089
36,821,1,1,0.219089
448,468,1,1,0.219089
4,939,1,1,0.219089
495,880,1,1,0.219089
453,467,1,1,0.219089
36,232,1,1,0.219089
453,820,1,1,0.219089
391,467,1,1,0.219089
358,617,1,1,0.219089
391,443,1,1,0.219089
443,820,1,1,0.219089
180,608,1,1,0.215762
28,372,1,1,0.215762
276,323,1,1,0.215762
358,492,1,1,0.215762
814,943,1,1,0.215762
37,674,1,1,0.215762
656,943,1,1,0.215762
431,616,1,1,0.215762
633,781,1,1,0.215762
170,533,1,1,0.215762
133,582,1,1,0.215762
273,329,1,1,0.215762
37,616,1,1,0.215762
656,814,1,1,0.215762
329,533,1,1,0.215762
33,1001,1,1,0.20677
56,762,1,1,0.20677
130,235,1,1,0.20677
615,938,1,1,0.20677
354,938,1,1,0.20677
354,615,1,1,0.20677
612,1013,1,1,0.20677
190,615,1,1,0.20677
130,615,1,1,0.20677
519,615,1,1,0.20677
130,354,1,1,0.20677
659,756,1,1,0.20677
615,756,1,1,0.20677
615,659,1,1,0.20677
33,130,1,1,0.20677
56,279,1,1,0.20677
471,900,1,1,0.20677
137,535,1,1,0.20677
638,786,1,1,0.20677
519,742,1,1,0.20677
56,664,1,1,0.20677
495,514,1,1,0.20677
1049,1061,1,1,0.20677
46,615,1,1,0.20677
279,912,1,1,0.20677
498,515,1,1,0.20677
330,498,1,1,0.20677
514,940,1,1,0.20677
514,797,1,1,0.20677
330,1049,1,1,0.20677
330,1061,1,1,0.20677
498,1049,1,1,0.20677
52,1026,1,1,0.20677
153,519,1,1,0.20677
498,1061,1,1,0.20677
823,927,1,1,0.20677
510,664,1,1,0.20677
510,639,1,1,0.20677
471,762,1,1,0.20677
130,664,1,1,0.20677
148,962,1,1,0.20677
303,615,1,1,0.20677
154,341,1,1,0.20677
699,742,1,1,0.20677
742,868,1,1,0.20677
664,865,1,1,0.20677
699,1013,1,1,0.20677
900,1026,1,1,0.20677
664,912,1,1,0.20677
797,940,1,1,0.20677
742,1013,1,1,0.20677
130,279,1,1,0.20677
341,664,1,1,0.20677
999,1012,1,1,0.20677
615,745,1,1,0.20677
484,640,1,1,0.20677
199,617,1,1,0.20677
93,615,1,1,0.20677
318,389,1,1,0.203862
178,962,1,1,0.203862
130,730,1,1,0.203862
178,730,1,1,0.203862
730,814,1,1,0.203862
495,730,1,1,0.203862
70,495,1,1,0.203862
279,495,1,1,0.203862
119,880,1,1,0.203862
527,730,1,1,0.203862
70,497,1,1,0.203862
730,972,1,1,0.203862
497,730,1,1,0.203862
176,329,1,1,0.203862
70,130,1,1,0.203862
476,900,1,1,0.203862
2,70,1,1,0.203862
730,891,1,1,0.203862
441,1015,1,1,0.203862
629,1020,1,1,0.203862
52,730,1,1,0.203862
663,730,1,1,0.203862
664,1015,1,1,0.203862
329,389,1,1,0.203862
70,900,1,1,0.203862
2,730,1,1,0.203862
64,629,1,1,0.203862
70,938,1,1,0.203862
70,476,1,1,0.203862
216,912,1,1,0.203862
254,677,1,1,0.203862
70,660,1,1,0.203862
663,891,1,1,0.203862
70,389,1,1,0.203862
70,1012,1,1,0.203862
70,176,1,1,0.203862
478,495,1,1,0.203862
70,329,1,1,0.203862
119,615,1,1,0.203862
117,1020,1,1,0.202953
312,325,1,1,0.202953
151,852,1,1,0.202953
368,510,1,1,0.202953
368,496,1,1,0.202953
325,768,1,1,0.202953
151,499,1,1,0.202953
325,496,1,1,0.202953
325,368,1,1,0.202953
421,442,1,1,0.202953
325,964,1,1,0.202953
301,831,1,1,0.202953
831,892,1,1,0.202953
312,510,1,1,0.202953
312,368,1,1,0.202953
301,463,1,1,0.202953
496,564,1,1,0.202953
30,827,1,1,0.202953
30,922,1,1,0.202953
30,244,1,1,0.202953
301,713,1,1,0.202953
151,325,1,1,0.202953
398,922,1,1,0.202953
713,975,1,1,0.202953
463,975,1,1,0.202953
244,398,1,1,0.202953
173,461,1,1,0.202953
461,943,1,1,0.202953
173,943,1,1,0.202953
169,279,1,1,0.202953
286,526,1,1,0.202953
117,509,1,1,0.202953
151,931,1,1,0.202953
144,1000,1,1,0.202953
144,788,1,1,0.202953
144,286,1,1,0.202953
169,1000,1,1,0.202953
461,710,1,1,0.202953
267,710,1,1,0.202953
526,1000,1,1,0.202953
509,1020,1,1,0.202953
526,788,1,1,0.202953
922,1000,1,1,0.202953
540,780,1,1,0.202953
153,442,1,1,0.202953
1000,1079,1,1,0.202953
510,1000,1,1,0.202953
211,413,1,1,0.202953
159,182,1,1,0.202953
361,851,1,1,0.202953
267,768,1,1,0.202953
461,831,1,1,0.202953
890,1000,1,1,0.202953
413,461,1,1,0.202953
267,964,1,1,0.202953
182,461,1,1,0.202953
325,442,1,1,0.202953
880,892,1,1,0.202953
267,569,1,1,0.202953
325,710,1,1,0.202953
151,982,1,1,0.202953
122,363,1,1,0.202953
710,1000,1,1,0.202953
153,540,1,1,0.202953
361,960,1,1,0.202953
361,796,1,1,0.202953
361,788,1,1,0.202953
692,821,1,1,0.202953
692,922,1,1,0.202953
533,922,1,1,0.202953
312,622,1,1,0.202953
325,533,1,1,0.202953
153,390,1,1,0.202953
922,960,1,1,0.202953
390,960,1,1,0.202953
390,922,1,1,0.202953
461,922,1,1,0.202953
237,789,1,1,0.202953
312,730,1,1,0.202953
249,312,1,1,0.202953
257,466,1,1,0.202953
249,466,1,1,0.202953
249,257,1,1,0.202953
325,540,1,1,0.202953
1015,1067,1,1,0.202953
279,890,1,1,0.202953
325,1067,1,1,0.202953
325,1015,1,1,0.202953
312,788,1,1,0.202953
788,796,1,1,0.202953
710,768,1,1,0.202953
368,622,1,1,0.202953
144,1019,1,1,0.202953
591,696,1,1,0.202953
511,964,1,1,0.202953
43,964,1,1,0.202953
43,511,1,1,0.202953
129,788,1,1,0.202953
129,696,1,1,0.202953
129,368,1,1,0.202953
110,129,1,1,0.202953
325,982,1,1,0.202953
622,696,1,1,0.202953
591,922,1,1,0.202953
696,981,1,1,0.202953
499,852,1,1,0.202953
110,622,1,1,0.202953
591,981,1,1,0.202953
681,696,1,1,0.202953
796,960,1,1,0.202953
681,922,1,1,0.202953
788,960,1,1,0.202953
356,540,1,1,0.202953
279,510,1,1,0.202953
681,981,1,1,0.202953
696,922,1,1,0.202953
675,688,1,1,0.202953
144,931,1,1,0.202953
144,852,1,1,0.202953
581,844,1,1,0.202953
210,1017,1,1,0.202953
210,922,1,1,0.202953
210,401,1,1,0.202953
210,249,1,1,0.202953
284,788,1,1,0.202953
284,368,1,1,0.202953
144,564,1,1,0.202953
144,201,1,1,0.202953
201,312,1,1,0.202953
144,368,1,1,0.202953
18,26,1,1,0.202953
309,844,1,1,0.202953
591,675,1,1,0.202953
309,581,1,1,0.202953
65,581,1,1,0.202953
922,981,1,1,0.202953
421,540,1,1,0.202953
964,1051,1,1,0.202953
922,1051,1,1,0.202953
922,1019,1,1,0.202953
710,1051,1,1,0.202953
569,1051,1,1,0.202953
499,931,1,1,0.202953
768,964,1,1,0.202953
499,982,1,1,0.202953
249,645,1,1,0.202953
401,645,1,1,0.202953
211,1000,1,1,0.202953
460,688,1,1,0.202953
460,675,1,1,0.202953
460,591,1,1,0.202953
166,664,1,1,0.202953
931,982,1,1,0.202953
622,636,1,1,0.202953
927,1067,1,1,0.202953
325,931,1,1,0.202953
325,852,1,1,0.202953
246,1067,1,1,0.202953
246,927,1,1,0.202953
436,847,1,1,0.202953
131,1000,1,1,0.202953
131,387,1,1,0.202953
131,354,1,1,0.202953
387,536,1,1,0.202953
325,499,1,1,0.202953
354,536,1,1,0.202953
461,880,1,1,0.202953
27,536,1,1,0.202953
645,1017,1,1,0.202953
645,922,1,1,0.202953
852,982,1,1,0.202953
591,688,1,1,0.202953
686,1058,1,1,0.196556
402,686,1,1,0.196556
267,291,1,1,0.196556
527,736,1,1,0.196556
402,736,1,1,0.196556
1044,1058,1,1,0.196556
288,976,1,1,0.196556
485,727,1,1,0.196556
81,527,1,1,0.196556
288,718,1,1,0.196556
81,1079,1,1,0.196556
527,1079,1,1,0.196556
291,1060,1,1,0.196556
267,1060,1,1,0.196556
402,982,1,1,0.196556
288,706,1,1,0.196556
176,402,1,1,0.196556
160,1060,1,1,0.196556
160,982,1,1,0.196556
160,176,1,1,0.196556
81,160,1,1,0.196556
809,1060,1,1,0.196556
809,1044,1,1,0.196556
838,1060,1,1,0.196556
947,1044,1,1,0.196556
527,726,1,1,0.196556
686,838,1,1,0.196556
402,772,1,1,0.196556
772,1060,1,1,0.196556
288,354,1,1,0.196556
994,1060,1,1,0.196556
473,1077,1,1,0.196556
402,809,1,1,0.196556
405,1044,1,1,0.196556
288,913,1,1,0.196556
402,650,1,1,0.196556
435,639,1,1,0.196556
991,1044,1,1,0.196556
438,1060,1,1,0.196556
438,527,1,1,0.196556
464,612,1,1,0.196556
441,534,1,1,0.196556
81,534,1,1,0.196556
81,441,1,1,0.196556
475,527,1,1,0.196556
539,1060,1,1,0.196556
81,539,1,1,0.196556
81,658,1,1,0.196556
435,1044,1,1,0.196556
288,929,1,1,0.196556
1033,1060,1,1,0.196556
408,1033,1,1,0.196556
435,994,1,1,0.196556
402,994,1,1,0.196556
650,706,1,1,0.196556
823,1060,1,1,0.196556
408,435,1,1,0.196556
176,353,1,1,0.196556
527,570,1,1,0.196556
402,856,1,1,0.196556
217,504,1,1,0.196556
912,1058,1,1,0.196556
456,856,1,1,0.196556
456,987,1,1,0.196556
288,438,1,1,0.196556
856,987,1,1,0.196556
288,475,1,1,0.196556
217,803,1,1,0.196556
475,982,1,1,0.196556
176,987,1,1,0.196556
402,823,1,1,0.196556
1077,1079,1,1,0.196556
353,987,1,1,0.196556
686,770,1,1,0.196556
87,1079,1,1,0.196556
288,478,1,1,0.196556
71,922,1,1,0.196556
510,527,1,1,0.196556
217,527,1,1,0.196556
217,1044,1,1,0.196556
280,650,1,1,0.196556
539,686,1,1,0.196556
217,539,1,1,0.196556
217,1058,1,1,0.196556
408,424,1,1,0.196556
408,1044,1,1,0.196556
176,260,1,1,0.196556
176,303,1,1,0.196556
288,303,1,1,0.196556
288,363,1,1,0.196556
402,1021,1,1,0.196556
92,1021,1,1,0.196556
92,402,1,1,0.196556
402,838,1,1,0.196556
124,1060,1,1,0.196556
124,1044,1,1,0.196556
124,527,1,1,0.196556
354,1058,1,1,0.196556
354,402,1,1,0.196556
288,346,1,1,0.196556
368,1060,1,1,0.196556
61,527,1,1,0.196556
1055,1060,1,1,0.196556
402,1055,1,1,0.196556
471,1055,1,1,0.196556
471,1044,1,1,0.196556
123,435,1,1,0.196556
130,296,1,1,0.196556
402,424,1,1,0.196556
56,1044,1,1,0.196556
402,1026,1,1,0.196556
364,402,1,1,0.196556
81,568,1,1,0.196556
223,249,1,1,0.196556
81,331,1,1,0.196556
25,81,1,1,0.196556
129,519,1,1,0.196556
56,1058,1,1,0.196556
438,1058,1,1,0.196556
408,970,1,1,0.196556
288,965,1,1,0.196556
56,408,1,1,0.196556
435,519,1,1,0.196556
130,568,1,1,0.196556
221,402,1,1,0.196556
288,1070,1,1,0.196556
402,741,1,1,0.196556
364,539,1,1,0.196556
233,1044,1,1,0.196556
408,568,1,1,0.196556
221,408,1,1,0.196556
744,761,1,1,0.190584
90,450,1,1,0.190584
283,558,1,1,0.190584
558,1057,1,1,0.190584
242,869,1,1,0.190584
137,680,1,1,0.190584
407,1057,1,1,0.190584
348,519,1,1,0.190584
132,369,1,1,0.190584
816,1040,1,1,0.190584
200,1015,1,1,0.190584
572,893,1,1,0.190584
572,992,1,1,0.190584
893,992,1,1,0.190584
519,1031,1,1,0.190584
47,572,1,1,0.190584
47,869,1,1,0.190584
572,869,1,1,0.190584
519,992,1,1,0.190584
129,452,1,1,0.190584
81,915,1,1,0.190584
199,558,1,1,0.190584
465,519,1,1,0.190584
433,915,1,1,0.190584
323,869,1,1,0.190584
62,760,1,1,0.190584
683,760,1,1,0.190584
361,629,1,1,0.190584
629,897,1,1,0.190584
389,572,1,1,0.190584
379,869,1,1,0.190584
772,1066,1,1,0.190584
255,364,1,1,0.190584
195,465,1,1,0.190584
195,519,1,1,0.190584
195,803,1,1,0.190584
369,967,1,1,0.190584
465,803,1,1,0.190584
519,803,1,1,0.190584
195,379,1,1,0.190584
364,398,1,1,0.190584
275,280,1,1,0.190584
157,465,1,1,0.190584
187,852,1,1,0.190584
248,322,1,1,0.190584
177,193,1,1,0.190584
1028,1057,1,1,0.190584
407,822,1,1,0.190584
694,900,1,1,0.190584
143,608,1,1,0.190584
519,869,1,1,0.190584
171,399,1,1,0.188036
804,921,1,1,0.188036
349,367,1,1,0.188036
171,915,1,1,0.188036
644,992,1,1,0.188036
81,970,1,1,0.188036
101,215,1,1,0.188036
101,922,1,1,0.188036
122,143,1,1,0.188036
696,782,1,1,0.188036
429,465,1,1,0.188036
81,988,1,1,0.188036
193,683,1,1,0.188036
199,878,1,1,0.188036
737,772,1,1,0.188036
388,644,1,1,0.188036
548,915,1,1,0.188036
282,915,1,1,0.188036
282,548,1,1,0.188036
129,148,1,1,0.188036
127,805,1,1,0.188036
689,967,1,1,0.188036
90,937,1,1,0.188036
689,915,1,1,0.188036
283,689,1,1,0.188036
266,277,1,1,0.188036
269,869,1,1,0.188036
636,688,1,1,0.188036
141,659,1,1,0.188036
516,721,1,1,0.188036
636,683,1,1,0.188036
129,138,1,1,0.188036
599,1040,1,1,0.188036
148,526,1,1,0.188036
838,1042,1,1,0.188036
90,838,1,1,0.188036
644,1042,1,1,0.188036
141,695,1,1,0.188036
119,530,1,1,0.188036
530,640,1,1,0.188036
500,550,1,1,0.188036
384,636,1,1,0.188036
171,689,1,1,0.188036
682,884,1,1,0.188036
392,915,1,1,0.188036
384,683,1,1,0.188036
143,194,1,1,0.188036
123,450,1,1,0.188036
172,175,1,1,0.188036
81,450,1,1,0.188036
143,715,1,1,0.188036
571,715,1,1,0.188036
572,806,1,1,0.188036
689,724,1,1,0.188036
199,450,1,1,0.188036
141,644,1,1,0.188036
543,644,1,1,0.188036
15,80,1,1,0.188036
450,989,1,1,0.188036
196,361,1,1,0.188036
361,806,1,1,0.188036
141,543,1,1,0.188036
689,715,1,1,0.188036
492,1000,1,1,0.184184
95,619,1,1,0.184184
319,1000,1,1,0.184184
95,664,1,1,0.184184
221,492,1,1,0.184184
221,626,1,1,0.184184
348,361,1,1,0.184184
178,188,1,1,0.184184
325,361,1,1,0.184184
361,1000,1,1,0.184184
348,931,1,1,0.184184
361,931,1,1,0.184184
492,638,1,1,0.184184
187,325,1,1,0.184184
565,913,1,1,0.184184
113,851,1,1,0.184184
331,1000,1,1,0.184184
623,814,1,1,0.184184
931,1066,1,1,0.184184
1000,1066,1,1,0.184184
619,1083,1,1,0.184184
638,974,1,1,0.184184
319,974,1,1,0.184184
319,638,1,1,0.184184
7,905,1,1,0.184184
113,1083,1,1,0.184184
974,1083,1,1,0.184184
664,932,1,1,0.184184
325,407,1,1,0.184184
181,407,1,1,0.184184
7,206,1,1,0.184184
626,708,1,1,0.184184
206,905,1,1,0.184184
7,67,1,1,0.184184
569,688,1,1,0.184184
7,569,1,1,0.184184
869,1000,1,1,0.184184
569,1000,1,1,0.184184
569,869,1,1,0.184184
879,1000,1,1,0.184184
480,992,1,1,0.184184
325,992,1,1,0.184184
325,480,1,1,0.184184
443,569,1,1,0.184184
291,569,1,1,0.184184
291,443,1,1,0.184184
248,569,1,1,0.184184
248,443,1,1,0.184184
248,325,1,1,0.184184
248,291,1,1,0.184184
913,1000,1,1,0.184184
982,1074,1,1,0.184184
812,931,1,1,0.184184
626,742,1,1,0.184184
291,805,1,1,0.184184
569,626,1,1,0.184184
494,626,1,1,0.184184
494,569,1,1,0.184184
432,838,1,1,0.184184
206,801,1,1,0.184184
812,1000,1,1,0.184184
718,1000,1,1,0.184184
230,1000,1,1,0.184184
325,805,1,1,0.184184
887,1000,1,1,0.184184
561,1000,1,1,0.184184
383,623,1,1,0.184184
619,713,1,1,0.184184
217,713,1,1,0.184184
217,619,1,1,0.184184
492,924,1,1,0.184184
128,924,1,1,0.184184
295,974,1,1,0.184184
295,812,1,1,0.184184
187,812,1,1,0.184184
718,974,1,1,0.184184
913,1005,1,1,0.184184
1005,1083,1,1,0.184184
291,1005,1,1,0.184184
619,1021,1,1,0.184184
295,1021,1,1,0.184184
295,619,1,1,0.184184
80,1021,1,1,0.184184
303,352,1,1,0.184184
94,626,1,1,0.184184
291,1083,1,1,0.184184
291,905,1,1,0.184184
128,905,1,1,0.184184
905,1066,1,1,0.184184
569,1066,1,1,0.184184
569,905,1,1,0.184184
9,130,1,1,0.184184
9,372,1,1,0.184184
48,718,1,1,0.184184
1021,1074,1,1,0.184184
208,619,1,1,0.184184
178,383,1,1,0.184184
325,619,1,1,0.184184
500,1000,1,1,0.184184
15,187,1,1,0.184184
500,561,1,1,0.184184
48,1000,1,1,0.184184
48,561,1,1,0.184184
48,500,1,1,0.184184
67,187,1,1,0.184184
619,924,1,1,0.184184
619,887,1,1,0.184184
7,703,1,1,0.184184
708,924,1,1,0.184184
933,1000,1,1,0.184184
128,626,1,1,0.184184
659,727,1,1,0.184184
213,319,1,1,0.184184
71,659,1,1,0.184184
480,1083,1,1,0.184184
432,892,1,1,0.184184
80,187,1,1,0.184184
715,913,1,1,0.184184
71,913,1,1,0.184184
71,715,1,1,0.184184
405,626,1,1,0.184184
187,405,1,1,0.184184
121,1000,1,1,0.184184
121,405,1,1,0.184184
248,1074,1,1,0.184184
443,1005,1,1,0.184184
295,443,1,1,0.184184
295,325,1,1,0.184184
15,1083,1,1,0.184184
7,441,1,1,0.184184
188,291,1,1,0.184184
441,688,1,1,0.184184
502,655,1,1,0.184184
137,655,1,1,0.184184
137,1074,1,1,0.184184
598,681,1,1,0.184184
94,681,1,1,0.184184
94,598,1,1,0.184184
598,1061,1,1,0.184184
137,1061,1,1,0.184184
137,417,1,1,0.184184
7,350,1,1,0.184184
288,655,1,1,0.184184
434,655,1,1,0.184184
350,434,1,1,0.184184
289,701,1,1,0.184184
18,432,1,1,0.184184
372,1015,1,1,0.184184
242,736,1,1,0.184184
187,736,1,1,0.184184
93,876,1,1,0.184184
466,1056,1,1,0.184184
632,655,1,1,0.184184
712,974,1,1,0.184184
193,664,1,1,0.184184
712,1000,1,1,0.184184
664,681,1,1,0.184184
492,832,1,1,0.184184
187,832,1,1,0.184184
664,857,1,1,0.184184
502,857,1,1,0.184184
502,664,1,1,0.184184
539,641,1,1,0.184184
350,512,1,1,0.184184
52,502,1,1,0.184184
417,512,1,1,0.184184
6,1027,1,1,0.184184
239,502,1,1,0.184184
28,641,1,1,0.184184
502,674,1,1,0.184184
138,674,1,1,0.184184
138,502,1,1,0.184184
502,539,1,1,0.184184
138,151,1,1,0.184184
138,492,1,1,0.184184
150,293,1,1,0.184184
465,502,1,1,0.184184
143,325,1,1,0.184184
325,337,1,1,0.184184
325,502,1,1,0.184184
325,492,1,1,0.184184
331,1083,1,1,0.184184
632,929,1,1,0.184184
350,929,1,1,0.184184
350,632,1,1,0.184184
442,1040,1,1,0.184184
466,1040,1,1,0.184184
417,866,1,1,0.184184
331,783,1,1,0.184184
88,350,1,1,0.184184
405,655,1,1,0.184184
632,736,1,1,0.184184
93,736,1,1,0.184184
93,632,1,1,0.184184
150,832,1,1,0.184184
52,857,1,1,0.184184
14,857,1,1,0.184184
688,703,1,1,0.184184
52,432,1,1,0.184184
178,432,1,1,0.184184
49,405,1,1,0.184184
719,982,1,1,0.184184
502,1054,1,1,0.184184
492,1054,1,1,0.184184
492,502,1,1,0.184184
608,1000,1,1,0.184184
187,608,1,1,0.184184
325,727,1,1,0.184184
436,641,1,1,0.184184
206,641,1,1,0.184184
466,685,1,1,0.184184
501,799,1,1,0.184184
295,799,1,1,0.184184
295,501,1,1,0.184184
203,319,1,1,0.184184
18,1000,1,1,0.184184
291,1000,1,1,0.184184
312,659,1,1,0.184184
291,659,1,1,0.184184
188,659,1,1,0.184184
188,312,1,1,0.184184
417,992,1,1,0.184184
150,1000,1,1,0.184184
150,187,1,1,0.184184
178,1000,1,1,0.184184
838,1000,1,1,0.184184
703,736,1,1,0.184184
441,736,1,1,0.184184
52,128,1,1,0.184184
128,432,1,1,0.184184
14,664,1,1,0.184184
319,492,1,1,0.184184
14,502,1,1,0.184184
14,52,1,1,0.184184
206,368,1,1,0.184184
305,570,1,1,0.184184
305,432,1,1,0.184184
337,1000,1,1,0.184184
492,997,1,1,0.184184
626,905,1,1,0.184184
492,905,1,1,0.184184
492,982,1,1,0.184184
286,814,1,1,0.184184
286,641,1,1,0.184184
337,814,1,1,0.184184
337,641,1,1,0.184184
206,888,1,1,0.184184
143,888,1,1,0.184184
143,206,1,1,0.184184
206,1083,1,1,0.184184
632,905,1,1,0.184184
632,986,1,1,0.184184
480,1000,1,1,0.184184
924,1008,1,1,0.184184
311,1008,1,1,0.184184
187,1008,1,1,0.184184
49,641,1,1,0.184184
368,480,1,1,0.184184
187,375,1,1,0.184184
221,375,1,1,0.184184
492,1074,1,1,0.184184
52,429,1,1,0.184184
