group_id,user_id
0,417
0,421
1,415
1,985
2,392
2,933
3,230
3,1018
4,532
4,563
5,785
5,890
6,413
6,442
7,416
7,550
8,413
8,442
9,372
9,470
10,475
10,745
11,736
11,905
12,360
12,361
13,377
13,966
14,108
14,235
14,800
15,102
15,349
16,248
16,280
17,20
17,506
18,112
18,279
19,169
19,1083
20,169
20,499
20,1083
21,169
21,1083
22,169
22,1083
23,18
23,152
23,409
24,417
24,927
25,148
25,683
26,574
26,1007
27,295
27,806
28,10
28,417
29,275
29,417
30,131
30,629
30,985
31,275
31,491
32,420
32,657
33,806
33,866
34,152
34,804
35,230
35,689
36,230
36,534
37,669
37,689
38,967
38,1007
39,230
39,689
40,534
40,588
40,689
41,534
41,689
42,230
42,534
42,978
43,230
43,334
44,534
44,689
44,1049
45,534
45,689
46,534
46,978
47,534
47,689
48,65
48,230
49,534
49,689
50,78
50,689
51,360
51,420
52,534
52,689
53,375
53,1007
54,865
54,918
55,737
55,863
56,501
56,666
57,89
57,651
58,401
58,822
59,245
59,1045
60,407
60,806
61,406
61,601
62,387
62,491
63,106
63,491
64,238
64,801
65,888
65,981
66,223
66,929
67,457
67,485
68,129
68,665
69,352
69,866
70,591
70,681
71,611
71,831
72,424
72,511
73,550
73,978
74,297
74,912
75,119
75,216
76,218
76,220
77,591
77,681
78,317
78,868
79,244
79,614
80,310
80,904
81,167
81,1012
82,51
82,953
83,167
83,1021
84,51
84,283
85,298
85,954
86,192
86,680
87,785
87,1083
88,745
88,1064
89,715
89,813
90,169
90,1083
91,449
91,1023
92,745
92,1071
93,797
93,846
94,291
94,846
95,233
95,1071
96,519
96,745
97,119
97,745
98,187
98,292
99,175
99,560
100,81
100,438
101,130
101,981
102,187
102,745
103,265
103,351
104,56
104,438
105,10
105,56
106,84
106,130
107,130
107,510
108,231
108,289
109,280
109,766
110,48
110,56
111,81
111,736
112,438
112,780
113,313
113,711
114,490
114,719
115,823
115,1001
115,1042
116,240
116,1055
117,115
117,563
118,361
118,851
119,1000
119,1079
120,169
120,510
120,890
120,1000
121,169
121,279
121,510
121,890
122,159
122,211
122,710
122,892
122,922
122,1000
123,159
123,211
123,413
123,710
123,892
123,922
124,159
124,182
124,413
124,710
124,892
124,922
125,182
125,413
125,710
125,831
125,880
125,892
125,922
126,182
126,413
126,461
126,710
126,831
126,880
126,922
127,356
127,540
128,153
128,325
128,421
128,540
128,780
129,153
129,325
129,421
129,442
129,780
130,301
130,831
131,301
131,463
131,713
132,463
132,713
132,975
133,151
133,325
133,499
133,852
133,931
133,982
134,144
134,852
134,931
135,312
135,622
135,788
136,110
136,368
136,622
136,696
136,788
137,110
137,129
137,368
137,696
137,788
138,43
138,511
138,964
139,122
139,363
140,922
140,1019
141,144
141,1019
142,591
142,681
142,696
142,922
142,981
143,173
143,461
143,943
144,244
144,398
144,922
145,30
145,244
145,922
146,30
146,827
147,312
147,325
147,368
147,496
147,510
148,312
148,496
148,564
149,286
149,526
149,788
149,1000
150,144
150,286
150,788
150,1000
151,117
151,509
151,1020
152,267
152,325
152,569
152,710
152,768
152,922
152,964
153,569
153,710
153,922
153,964
153,1051
154,65
154,581
155,309
155,581
155,844
156,18
156,26
157,144
157,368
158,312
158,1000
159,201
159,312
159,564
160,144
160,201
160,564
161,284
161,368
161,788
162,210
162,249
162,401
162,922
162,1017
163,249
163,401
163,645
163,922
163,1017
164,27
164,536
165,354
165,387
165,536
166,131
166,354
166,387
167,131
167,1000
168,436
168,847
169,246
169,927
169,1067
170,622
170,636
171,166
171,664
172,460
172,591
172,675
172,688
173,325
173,1015
173,1067
174,249
174,257
174,466
175,249
175,312
176,312
176,730
177,237
177,789
178,390
178,922
178,960
179,153
179,390
180,325
180,533
180,922
181,692
181,922
182,692
182,821
183,361
183,788
183,796
183,960
184,519
184,615
185,612
185,1013
186,615
186,659
186,756
187,130
187,354
187,615
187,938
188,130
188,235
189,56
189,762
190,33
190,1001
191,33
191,130
192,190
192,615
193,699
193,742
193,1013
194,93
194,615
195,615
195,745
196,303
196,615
197,52
197,1026
198,153
198,519
199,514
199,797
199,940
200,900
200,1026
201,471
201,900
202,471
202,762
203,148
203,962
204,46
204,615
205,498
205,515
206,330
206,498
206,1049
206,1061
207,495
207,514
208,56
208,130
208,664
208,912
209,56
209,130
209,279
209,912
210,823
210,927
211,510
211,639
212,510
212,664
213,519
213,742
214,638
214,786
215,137
215,535
216,742
216,868
217,484
217,640
218,52
218,664
219,154
219,341
220,341
220,664
221,664
221,865
222,999
222,1012
223,199
223,617
224,199
224,519
225,187
225,242
226,649
226,868
227,51
227,878
228,593
228,612
229,102
229,759
230,591
230,681
231,360
231,763
232,563
232,785
233,297
233,912
234,231
234,255
235,806
235,823
236,413
236,535
236,659
236,979
237,58
237,615
238,58
238,214
239,423
239,674
240,349
240,423
240,615
241,464
241,615
242,114
242,130
243,210
243,937
243,1013
244,982
244,994
245,214
245,406
246,254
246,1015
247,442
247,780
248,152
248,506
249,169
249,1083
250,187
250,1023
251,684
251,941
252,951
252,1056
253,324
253,1004
254,36
254,780
255,400
255,601
256,130
256,372
257,173
257,188
258,519
258,969
259,1039
259,1068
260,14
260,519
260,906
261,14
261,1042
262,14
262,130
263,14
263,991
264,283
264,1072
265,601
265,962
266,377
266,797
266,962
267,14
267,96
268,14
268,377
269,14
269,519
270,14
270,96
271,14
271,96
272,14
272,559
273,14
273,377
274,14
274,96
275,14
275,96
276,135
276,586
277,14
277,96
278,14
278,586
279,14
279,96
280,14
280,912
281,90
281,944
282,14
282,96
283,475
283,519
284,475
284,1055
285,14
285,962
286,56
286,519
286,601
287,519
287,879
288,14
288,519
289,14
289,96
290,14
290,96
291,646
291,969
292,247
292,329
292,539
293,14
293,811
294,14
294,96
295,14
295,96
296,14
296,435
297,14
297,940
298,14
298,377
299,14
299,435
300,50
300,922
301,175
301,1076
302,175
302,177
302,626
303,247
303,586
304,14
304,96
305,14
305,96
306,14
306,760
307,14
307,96
308,14
308,56
309,14
309,66
310,14
310,586
311,14
311,519
312,14
312,143
313,515
313,549
314,406
314,515
315,274
315,857
316,114
316,940
317,152
317,233
317,686
318,591
318,681
319,681
319,805
320,110
320,723
321,464
321,710
322,296
322,365
323,130
323,938
324,130
324,244
324,564
324,572
325,130
325,956
326,856
326,953
327,212
327,906
328,298
328,1061
329,14
329,912
330,629
330,1030
331,1012
331,1030
332,888
332,1012
333,244
333,506
334,208
334,1064
335,555
335,617
336,357
336,989
336,1042
337,614
337,857
338,260
338,465
339,523
339,858
340,991
340,1009
341,991
341,1009
342,991
342,1009
343,991
343,1009
344,736
344,905
345,669
345,839
346,598
346,619
347,906
347,1018
348,245
348,853
349,375
349,579
350,431
350,798
351,511
351,526
352,561
352,579
353,579
353,599
354,513
354,701
355,360
355,897
356,360
356,830
357,22
357,618
357,850
358,328
358,390
359,9
359,459
360,255
360,266
361,844
361,956
362,745
362,922
363,55
363,933
364,312
364,933
365,904
365,944
366,303
366,1061
367,519
367,598
368,519
368,633
369,247
369,280
370,120
370,313
371,313
371,466
372,114
372,942
373,598
373,1040
374,140
374,868
375,298
375,826
376,401
376,499
376,611
377,331
377,335
378,164
378,176
379,164
379,176
379,377
379,832
379,989
380,329
380,887
381,137
381,282
382,90
382,465
383,47
383,561
384,233
384,927
385,676
385,737
386,349
386,800
387,111
387,925
388,111
388,638
388,782
389,196
389,1045
390,375
390,1051
391,365
391,450
392,313
392,872
393,15
393,368
394,18
394,161
394,255
395,153
395,1051
396,527
396,823
397,470
397,567
398,423
398,544
399,313
399,918
400,903
400,1059
401,22
401,127
402,688
402,1076
403,56
403,390
404,730
404,1019
405,727
405,1019
406,730
406,1019
407,561
407,1019
408,730
408,1019
409,402
409,408
410,527
410,570
411,81
411,1060
412,402
412,1060
413,402
413,856
414,456
414,856
414,987
415,288
415,475
416,475
416,982
417,176
417,353
417,987
418,686
418,770
419,81
419,402
419,1058
420,402
420,686
420,1058
421,539
421,686
422,217
422,288
423,402
423,1044
424,280
424,650
425,435
425,1058
426,402
426,527
427,217
427,1044
428,217
428,527
429,510
429,527
430,81
430,402
430,1060
431,71
431,922
432,217
432,288
433,402
433,1044
433,1060
434,81
434,1058
434,1060
435,402
435,1060
436,288
436,478
437,527
437,1044
437,1060
438,87
438,1079
439,1077
439,1079
440,217
440,803
441,402
441,1060
442,288
442,438
443,402
443,1060
444,435
444,527
444,1058
445,912
445,1058
446,402
446,527
447,217
447,504
448,217
448,539
448,1058
449,402
449,539
450,402
450,1060
451,408
451,424
451,1044
452,402
452,424
452,1044
453,1058
453,1060
454,402
454,1060
455,130
455,296
456,123
456,435
457,402
457,1060
458,471
458,1044
458,1055
459,402
459,1044
459,1055
459,1060
460,61
460,527
461,368
461,1060
462,402
462,1060
463,288
463,346
464,354
464,402
464,527
464,1058
465,402
465,1060
466,402
466,408
466,1060
467,402
467,1058
467,1060
468,124
468,527
468,1044
468,1060
469,402
469,838
470,92
470,402
470,1021
471,288
471,363
472,288
472,303
473,176
473,303
474,176
474,260
475,402
475,823
475,1060
476,402
476,435
477,402
477,408
478,288
478,706
479,650
479,706
480,686
480,838
481,527
481,726
482,402
482,1060
483,947
483,1044
484,1044
484,1060
485,402
485,1044
486,402
486,1060
487,838
487,1060
488,809
488,1044
488,1060
489,435
489,527
489,1060
490,81
490,160
491,160
491,176
491,982
491,1060
492,176
492,402
492,982
492,1060
493,267
493,291
493,1060
494,527
494,1060
495,527
495,1079
496,81
496,1079
497,288
497,718
498,187
498,233
499,81
499,527
500,485
500,727
501,402
501,1060
502,288
502,976
503,1044
503,1058
504,1044
504,1060
505,402
505,527
505,736
506,402
506,772
506,1060
507,288
507,354
508,1044
508,1060
509,994
509,1060
510,402
510,435
510,994
511,408
511,1033
511,1060
512,81
512,408
513,288
513,929
514,435
514,1044
514,1060
515,81
515,658
516,81
516,408
516,539
516,1060
517,402
517,527
518,475
518,527
519,81
519,441
519,534
520,402
520,408
520,1060
521,464
521,612
522,1044
522,1060
523,438
523,527
523,1060
524,402
524,527
525,408
525,539
526,991
526,1044
527,435
527,639
528,402
528,650
529,288
529,913
530,405
530,1044
531,402
531,809
532,473
532,1077
533,56
533,1044
534,539
534,1058
535,408
535,1058
536,402
536,1026
537,81
537,408
538,408
538,435
539,364
539,402
539,539
540,288
540,1070
541,402
541,741
542,130
542,568
543,233
543,1044
544,408
544,1058
545,408
545,568
545,1058
546,221
546,408
547,221
547,402
548,402
548,1058
549,408
549,1058
550,435
550,519
551,435
551,1058
552,81
552,568
552,1058
553,408
553,1058
554,288
554,965
555,408
555,970
556,438
556,1058
557,56
557,408
557,1058
558,408
558,1058
559,408
559,1058
560,402
560,435
561,408
561,1058
562,402
562,408
563,129
563,519
564,408
564,1058
565,25
565,81
566,81
566,331
567,223
567,249
568,15
568,267
569,219
569,1035
570,219
570,239
571,239
571,702
571,709
572,922
572,1030
573,721
573,1021
574,39
574,1021
575,37
575,356
576,37
576,250
577,208
577,619
578,1021
578,1074
579,187
579,626
579,1083
580,48
580,718
581,9
581,372
582,9
582,130
583,569
583,905
583,1066
584,128
584,187
584,905
584,1083
585,187
585,291
585,905
585,1083
586,94
586,626
587,303
587,352
588,80
588,1021
589,295
589,619
589,1021
590,291
590,1005
591,1005
591,1083
592,913
592,1005
593,718
593,974
594,187
594,812
595,295
595,812
595,974
596,187
596,1000
597,187
597,1083
598,128
598,492
598,924
599,217
599,619
599,713
600,178
600,383
601,383
601,623
602,325
602,619
603,187
603,924
603,1000
604,626
604,924
604,1083
605,187
605,1000
606,15
606,187
606,1083
607,295
607,325
607,443
608,443
608,1005
609,248
609,1074
610,121
610,405
610,1000
611,187
611,405
611,626
611,1000
612,187
612,626
612,1083
613,71
613,715
613,913
614,80
614,187
615,432
615,892
616,480
616,1083
617,71
617,659
618,213
618,319
619,659
619,727
620,128
620,187
620,626
620,1083
621,933
621,1000
622,708
622,924
623,812
623,974
624,187
624,626
624,924
625,924
625,1000
625,1083
626,887
626,924
626,1000
627,619
627,887
627,924
628,67
628,187
629,48
629,500
629,561
629,1000
630,291
630,325
630,805
631,181
631,407
632,325
632,407
633,325
633,664
634,664
634,932
635,974
635,1083
636,187
636,626
636,1000
637,113
637,1083
638,113
638,851
639,319
639,638
639,974
640,619
640,1083
641,1000
641,1066
642,931
642,1066
643,623
643,814
644,331
644,1000
645,187
645,1000
646,187
646,1000
646,1083
647,95
647,913
648,187
648,325
648,626
648,1000
649,565
649,913
650,95
650,619
651,319
651,1000
652,95
652,664
653,221
653,492
653,626
653,1000
654,178
654,188
655,325
655,664
655,1000
656,325
656,361
656,1000
657,348
657,361
657,931
658,492
658,638
659,7
659,206
659,905
660,7
660,67
661,230
661,1000
662,718
662,1000
663,812
663,1000
664,206
664,801
665,405
665,1000
666,432
666,838
667,494
667,569
667,626
668,626
668,708
668,742
669,291
669,708
669,742
670,626
670,1000
671,812
671,931
672,187
672,626
672,1000
673,95
673,913
674,982
674,1074
675,187
675,1000
676,913
676,1000
677,187
677,1000
678,248
678,291
678,325
678,443
678,569
679,325
679,480
679,992
680,879
680,1000
681,569
681,869
681,1000
682,7
682,569
682,688
683,7
683,441
683,688
683,703
684,441
684,703
684,736
685,838
685,1000
686,178
686,1000
687,187
687,1000
688,150
688,187
688,1000
689,187
689,1000
690,417
690,992
691,188
691,291
691,312
691,659
692,291
692,312
692,1000
693,18
693,1000
694,203
694,319
695,295
695,501
695,799
696,466
696,685
697,206
697,641
698,436
698,641
699,325
699,727
700,187
700,608
700,1000
701,492
701,502
701,1054
702,187
702,626
702,1000
703,719
703,982
704,492
704,719
705,187
705,492
705,626
706,187
706,1000
707,187
707,291
708,49
708,405
709,187
709,1000
710,178
710,432
711,52
711,128
711,432
712,319
712,492
713,492
713,1074
714,221
714,375
714,1000
715,187
715,375
715,1000
716,368
716,480
717,49
717,641
718,641
718,1000
719,187
719,311
719,924
719,1000
720,187
720,311
720,924
720,1008
721,480
721,1000
722,325
722,1000
723,632
723,986
724,632
724,905
725,206
725,1083
726,143
726,206
726,888
727,337
727,641
727,814
728,286
728,641
728,814
729,492
729,982
730,492
730,905
731,187
731,626
731,905
732,128
732,187
733,492
733,997
734,187
734,626
734,1000
735,337
735,1000
736,187
736,1000
737,305
737,432
738,305
738,570
739,206
739,368
740,52
740,429
741,626
741,1000
742,641
742,1000
743,14
743,52
743,502
743,664
743,857
744,187
744,626
744,1000
745,187
745,492
745,832
746,187
746,1000
747,664
747,681
748,712
748,1000
749,193
749,664
750,712
750,974
751,626
751,1083
752,626
752,655
753,632
753,655
754,466
754,1056
755,93
755,876
756,187
756,242
756,736
757,372
757,1015
758,18
758,432
759,128
759,492
760,187
760,626
761,289
761,701
762,350
762,434
762,655
763,337
763,502
764,288
764,655
765,7
765,350
766,137
766,417
767,137
767,1061
768,598
768,1061
769,94
769,598
769,681
770,137
770,1074
771,137
771,655
772,539
772,641
773,502
773,655
774,350
774,512
775,417
775,512
776,150
776,832
777,325
777,626
778,93
778,632
778,736
779,405
779,655
780,626
780,655
781,350
781,626
782,88
782,350
783,331
783,783
784,350
784,655
785,417
785,866
786,466
786,1040
787,442
787,1040
788,325
788,876
789,350
789,632
789,929
790,331
790,1083
791,325
791,492
792,325
792,502
793,325
793,337
794,337
794,502
795,143
795,325
796,350
796,626
797,465
797,502
798,150
798,293
799,138
799,492
800,138
800,151
801,502
801,539
802,138
802,502
802,674
803,28
803,641
804,239
804,502
805,6
805,1027
806,253
806,1040
807,824
807,1016
808,115
808,637
809,908
809,922
810,96
810,1049
811,62
811,484
812,255
812,800
813,208
813,518
814,196
814,793
815,503
815,793
816,124
816,619
817,124
817,793
818,124
818,793
819,169
819,1083
820,594
820,686
821,357
821,701
822,108
822,646
822,970
823,266
823,1075
824,108
824,689
825,108
825,689
826,70
826,730
827,70
827,761
828,143
828,194
829,689
829,724
830,123
830,450
831,172
831,500
832,172
832,175
833,81
833,450
834,143
834,715
835,571
835,715
836,572
836,806
837,682
837,884
838,199
838,450
839,141
839,543
839,644
840,15
840,80
841,450
841,989
842,196
842,361
843,361
843,806
844,689
844,715
845,798
845,915
846,392
846,915
847,171
847,689
847,915
848,450
848,915
849,283
849,689
850,266
850,277
851,269
851,869
852,543
852,869
853,636
853,688
854,543
854,869
855,500
855,550
856,141
856,659
857,516
857,721
858,129
858,138
859,599
859,1040
860,148
860,526
861,450
861,689
862,838
862,1042
863,90
863,838
864,644
864,1042
865,450
865,689
866,141
866,695
867,119
867,530
868,530
868,640
869,90
869,937
870,171
870,399
871,384
871,636
871,683
872,450
872,915
873,282
873,548
873,915
874,388
874,644
875,737
875,772
876,199
876,878
877,193
877,683
878,696
878,782
879,429
879,465
880,921
880,976
881,122
881,143
882,101
882,922
883,101
883,215
884,81
884,970
885,644
885,992
886,349
886,367
887,804
887,921
888,129
888,148
889,81
889,988
890,689
890,967
891,127
891,805
892,414
892,819
893,657
893,733
893,906
894,329
894,737
895,476
895,653
896,387
896,550
897,660
897,939
898,274
898,532
899,11
899,416
900,657
900,918
901,58
901,728
902,231
902,260
903,199
903,519
904,518
904,856
905,92
905,301
905,346
906,999
906,1017
907,660
907,1055
908,728
908,750
909,362
909,879
909,916
910,235
910,246
911,7
911,149
912,169
912,1083
913,905
913,1059
914,175
914,1059
915,1055
915,1059
916,414
916,559
917,1004
917,1015
918,276
918,323
919,28
919,372
920,170
920,533
921,273
921,329
922,656
922,814
922,943
923,633
923,781
924,329
924,533
925,431
925,616
926,37
926,616
927,133
927,582
928,180
928,608
929,358
929,492
930,37
930,674
931,103
931,216
932,280
932,992
933,35
933,294
934,35
934,463
935,35
935,294
935,509
936,3
936,79
937,35
937,340
938,35
938,294
939,340
939,783
940,407
940,806
941,688
941,1076
942,160
942,1045
943,666
943,695
944,362
944,393
945,56
945,527
945,1080
946,195
946,1080
947,983
947,1040
948,125
948,983
949,125
949,1040
950,125
950,1040
951,125
951,1040
952,125
952,1040
953,125
953,1040
954,125
954,1040
955,125
955,1040
956,125
956,1040
957,125
957,1040
958,125
958,1040
959,125
959,1040
960,842
960,928
961,34
961,50
962,34
962,50
963,50
963,204
964,265
964,390
965,90
965,1053
966,809
966,1019
967,312
967,496
968,10
968,368
969,338
969,799
970,10
970,1001
971,33
971,462
972,279
972,548
973,251
973,577
974,251
974,1076
975,294
975,577
976,294
976,1076
977,577
977,917
978,276
978,1013
979,368
979,650
980,52
980,164
981,218
981,662
982,676
982,737
983,108
983,814
984,84
984,887
985,644
985,884
986,784
986,992
987,435
987,841
988,140
988,435
989,852
989,927
990,417
990,463
991,599
991,822
992,48
992,401
993,35
993,416
993,978
994,858
994,978
995,230
995,978
996,664
996,751
997,596
997,989
998,558
998,730
999,280
999,461
1000,253
1000,927
1001,685
1001,703
1002,170
1002,1007
1003,689
1003,732
1004,201
1004,689
1005,649
1005,868
1006,279
1006,660
1007,71
1007,1018
1008,90
1008,1030
1009,453
1009,456
1010,453
1010,766
1011,624
1011,830
1012,81
1012,212
1012,766
1013,453
1013,766
1014,495
1014,593
1015,397
1015,766
1016,113
1016,478
1016,766
1017,113
1017,766
1018,210
1018,766
1019,391
1019,467
1020,453
1020,766
1020,820
1021,453
1021,766
1022,453
1022,467
1023,495
1023,880
1024,448
1024,468
1024,495
1025,4
1025,453
1026,4
1026,939
1027,467
1027,495
1028,307
1028,593
1029,391
1029,443
1030,443
1030,820
1031,766
1031,820
1032,453
1032,766
1033,4
1033,1049
1034,443
1034,766
1035,766
1035,820
1036,453
1036,766
1037,443
1037,766
1038,282
1038,391
1038,613
1039,391
1039,492
1040,453
1040,744
1040,766
1041,443
1041,456
1042,453
1042,766
1043,358
1043,443
1043,633
1044,400
1044,448
1045,364
1045,650
1046,270
1046,507
1047,649
1047,1061
1048,443
1048,766
1049,270
1049,766
1050,443
1050,593
1051,593
1051,1012
1052,453
1052,490
1052,766
1053,766
1053,865
1054,766
1054,865
1055,766
1055,865
1056,641
1056,766
1057,596
1057,744
1058,282
1058,596
1059,453
1059,766
1060,453
1060,766
1061,443
1061,766
1062,453
1062,766
1063,358
1063,1045
1064,137
1064,453
1065,453
1065,865
1066,137
1066,453
1067,137
1067,343
1068,744
1068,1045
1069,358
1069,617
1070,492
1070,719
1071,36
1071,232
1071,821
1072,368
1072,883
1073,152
1073,804
1073,927
1074,18
1074,152
1074,927
1075,148
1075,563
1076,61
1076,197
1077,434
1077,669
1078,375
1078,457
1078,1051
1079,375
1079,756
1080,431
1080,612
1081,830
1081,925
1082,166
1082,418
1082,697
1083,39
1083,970
1084,33
1084,822
1085,89
1085,956
1086,255
1086,721
1087,856
1087,1001
1088,760
1088,1076
1089,688
1089,1064
1090,513
1090,530
1091,674
1091,727
1092,114
1092,858
1093,499
1093,696
1094,57
1094,499
1095,313
1095,1013
1096,70
1096,176
1097,478
1097,495
1098,70
1098,1012
1099,119
1099,615
1100,70
1100,329
1100,389
1101,70
1101,660
1102,318
1102,389
1103,119
1103,880
1104,527
1104,730
1105,70
1105,497
1105,730
1106,70
1106,495
1106,730
1107,279
1107,495
1108,176
1108,329
1109,730
1109,814
1110,70
1110,130
1111,664
1111,1015
1112,441
1112,1015
1113,178
1113,730
1113,962
1114,254
1114,677
1115,216
1115,912
1116,730
1116,962
1117,663
1117,730
1117,891
1118,629
1118,1020
1119,730
1119,962
1120,52
1120,730
1121,2
1121,70
1121,730
1122,313
1122,730
1123,64
1123,629
1124,70
1124,938
1125,70
1125,476
1125,900
1126,730
1126,972
1127,313
1127,730
1128,130
1128,730
1129,492
1129,953
1130,129
1130,953
1131,295
1131,676
1132,614
1132,848
1133,310
1133,904
1134,798
1134,915
1135,138
1135,915
1136,746
1136,915
1137,491
1137,640
1138,14
1138,979
1139,280
1139,833
1140,155
1140,985
1141,904
1141,1027
1142,409
1142,474
1143,290
1143,577
1144,532
1144,594
1145,268
1145,786
1146,783
1146,1045
1147,286
1147,696
1147,918
1148,150
1148,633
1149,154
1149,602
1150,229
1150,460
1151,201
1151,322
1152,518
1152,1013
1153,119
1153,1013
1154,539
1154,688
1155,116
1155,164
1156,550
1156,564
1157,47
1157,659
1158,778
1158,814
1159,788
1159,857
1160,352
1160,866
1161,440
1161,943
1162,390
1162,536
1163,202
1163,368
1163,536
1163,707
1164,211
1164,371
1164,428
1165,73
1165,419
1166,417
1166,863
1166,1028
1167,938
1167,949
1168,496
1168,938
1168,964
1169,211
1169,331
1169,390
1169,398
1169,608
1170,206
1170,331
1170,390
1170,398
1170,608
1171,54
1171,206
1171,331
1171,608
1172,73
1172,365
1172,719
1172,734
1173,194
1173,365
1173,734
1174,191
1174,194
1175,364
1175,504
1175,1028
1176,445
1176,938
1177,73
1177,260
1177,496
1177,510
1178,442
1178,989
1179,815
1179,907
1180,95
1180,296
1180,624
1181,129
1181,827
1182,445
1182,553
1183,315
1183,364
1183,827
1184,95
1184,331
1184,536
1185,331
1185,536
1185,727
1186,47
1186,331
1186,624
1186,727
1187,404
1187,942
1187,999
1187,1042
1188,512
1188,588
1188,938
1189,223
1189,512
1190,384
1190,674
1191,459
1191,515
1192,598
1192,1040
1193,986
1193,1054
1194,147
1194,672
1195,176
1195,405
1196,527
1196,987
1197,527
1197,929
1198,804
1198,970
1199,435
1199,451
1199,929
1200,731
1200,1001
1201,58
1201,409
1202,58
1202,632
1203,62
1203,244
1204,427
1204,1031
1205,76
1205,513
1206,150
1206,571
1207,152
1207,696
1208,800
1208,980
1209,342
1209,681
1210,280
1210,713
1211,178
1211,912
1212,280
1212,311
1213,354
1213,1021
1214,474
1214,930
1215,354
1215,1010
1216,354
1216,922
1217,86
1217,709
1218,704
1218,716
1219,188
1219,570
1220,704
1220,916
1221,802
1221,1056
1222,184
1222,746
1223,746
1223,865
1224,529
1224,788
1225,156
1225,328
1226,56
1226,864
1227,278
1227,354
1228,407
1228,1067
1229,526
1229,1079
1230,202
1230,1070
1231,273
1231,340
1232,273
1232,783
1233,93
1233,750
1234,316
1234,759
1235,169
1235,325
1235,512
1235,734
1236,569
1236,768
1237,387
1237,768
1238,293
1238,387
1239,708
1239,759
1240,417
1240,708
1241,512
1241,715
1242,512
1242,708
1243,215
1243,287
1244,287
1244,704
1245,316
1245,955
1246,215
1246,287
1246,623
1247,215
1247,623
1248,447
1248,924
1249,422
1249,596
1250,352
1250,912
1251,591
1251,681
1252,822
1252,994
1253,360
1253,427
1254,47
1254,847
1255,244
1255,536
1256,247
1256,708
1257,142
1257,527
1258,234
1258,369
1259,90
1259,198
1260,24
1260,464
1261,464
1261,905
1262,716
1262,781
1263,378
1263,468
1264,259
1264,816
1265,179
1265,221
1266,19
1266,816
1267,406
1267,484
1268,620
1268,689
1269,106
1269,689
1270,18
1270,594
1271,20
1271,653
1272,337
1272,1029
1273,12
1273,601
1274,342
1274,793
1275,413
1275,418
1276,413
1276,706
1277,410
1277,563
1278,701
1278,751
1279,244
1279,323
1280,1031
1280,1053
1281,312
1281,575
1282,746
1282,969
1283,15
1283,260
1284,483
1284,827
1285,121
1285,979
1286,354
1286,1026
1287,319
1287,514
1288,319
1288,507
1289,130
1289,699
1290,181
1290,507
1291,406
1291,591
1292,433
1292,1080
1293,419
1293,652
1294,159
1294,792
1295,26
1295,62
1296,696
1296,892
1297,418
1297,751
1298,218
1298,406
1299,480
1299,658
1300,480
1300,658
1301,14
1301,480
1302,480
1302,658
1303,373
1303,480
1304,96
1304,480
1305,373
1305,658
1306,480
1306,658
1307,480
1307,658
1308,373
1308,480
1309,373
1309,480
1310,373
1310,658
1311,480
1311,658
1312,403
1312,480
1313,480
1313,658
1314,345
1314,497
1315,345
1315,846
1316,345
1316,846
1317,4
1317,629
1318,218
1318,360
1319,2
1319,577
1320,132
1320,206
1321,407
1321,806
1322,1019
1322,1042
1323,265
1323,368
1324,578
1324,1033
1325,657
1325,1065
1326,254
1326,1015
1327,474
1327,791
1328,254
1328,1015
1329,507
1329,529
1330,103
1330,529
1331,507
1331,762
1332,217
1332,495
1333,70
1333,841
1334,741
1334,974
1335,123
1335,774
1336,7
1336,773
1337,921
1337,1047
1338,773
1338,1047
1339,319
1339,1047
1340,783
1340,979
1341,43
1341,582
1342,319
1342,583
1343,110
1343,516
1344,484
1344,633
1345,328
1345,390
1346,592
1346,976
1347,2
1347,592
1348,595
1348,972
1349,595
1349,735
1350,271
1350,332
1351,73
1351,332
1352,271
1352,332
1353,125
1353,321
1353,495
1354,125
1354,892
1355,125
1355,443
1356,125
1356,456
1357,129
1357,495
1358,125
1358,321
1359,467
1359,495
1360,495
1360,593
1361,495
1361,593
1361,596
1362,495
1362,593
1363,26
1363,125
1364,257
1364,593
1364,1021
1365,495
1365,950
1366,125
1366,216
1367,216
1367,644
1368,125
1368,892
1369,349
1369,913
1370,125
1370,443
1371,593
1371,766
1372,216
1372,593
1372,830
1373,125
1373,766
1374,119
1374,766
1375,349
1375,766
1376,476
1376,766
1377,327
1377,617
1378,596
1378,634
1379,136
1379,427
1380,208
1380,427
1381,107
1381,787
1382,107
1382,601
1383,683
1383,737
1384,93
1384,458
1385,458
1385,819
1386,458
1386,819
1387,458
1387,819
1388,458
1388,819
1389,181
1389,1000
1390,181
1390,1000
1390,1082
1391,1000
1391,1082
1392,181
1392,311
1393,664
1393,1000
1394,181
1394,1000
1394,1082
1395,181
1395,1000
1395,1082
1396,181
1396,1000
1397,706
1397,1082
1398,264
1398,664
1399,264
1399,1000
1400,1052
1400,1082
1401,879
1401,974
1402,1000
1402,1082
1403,1000
1403,1082
1404,664
1404,1082
1405,181
1405,461
1405,1000
1406,664
1406,1000
1407,664
1407,1000
1407,1052
1408,664
1408,1052
1409,480
1409,974
1410,221
1410,1000
1411,181
1411,270
1412,181
1412,1000
1413,838
1413,974
1414,181
1414,1000
1415,311
1415,1000
1416,181
1416,460
1417,331
1417,664
1418,181
1418,655
1418,974
1418,1000
1419,239
1419,655
1420,554
1420,655
1421,554
1421,655
1422,169
1422,1083
1423,169
1423,1083
1424,169
1424,1083
1425,169
1425,1083
1426,169
1426,1083
1427,169
1427,1083
1428,169
1428,1083
1429,169
1429,1083
1430,169
1430,1083
1431,169
1431,1083
1432,169
1432,1083
1433,169
1433,1083
1434,169
1434,1083
1435,169
1435,1083
1436,182
1436,246
1437,344
1437,949
1438,535
1438,949
1439,336
1439,665
1440,326
1440,686
1441,88
1441,229
1442,175
1442,809
1443,25
1443,517
1444,150
1444,880
1445,440
1445,744
1446,187
1446,272
1447,143
1447,187
1447,272
1447,1075
1448,34
1448,143
1449,34
1449,143
1450,34
1450,143
1451,569
1451,1054
1452,569
1452,986
1453,434
1453,696
1454,325
1454,876
1455,30
1455,85
1455,856
1456,329
1456,660
1457,903
1457,1024
1458,470
1458,567
1459,37
1459,294
1460,903
1460,918
1461,588
1461,690
1462,373
1462,970
1463,463
1463,1066
1464,463
1464,1066
1465,90
1465,1072
1466,90
1466,496
1467,234
1467,611
1468,499
1468,577
1469,728
1469,969
1470,391
1470,834
1471,203
1471,440
1472,203
1472,440
1473,203
1473,440
1474,203
1474,440
1475,344
1475,398
1476,374
1476,419
1477,334
1477,903
1478,951
1478,1028
1479,30
1479,339
1480,467
1480,500
1480,521
1481,119
1481,474
1482,474
1482,521
1483,500
1483,521
1484,467
1484,474
1484,521
1485,467
1485,947
1486,467
1486,474
1487,172
1487,521
1488,42
1488,172
1489,474
1489,722
1489,956
1490,42
1490,172
1491,172
1491,498
1492,467
1492,521
1493,172
1493,521
1494,172
1494,467
1494,521
1495,172
1495,947
1496,467
1496,474
1496,521
1497,467
1497,474
1497,500
1498,172
1498,467
1498,500
1499,474
1499,947
1500,474
1500,494
1500,521
1501,172
1501,474
1501,494
1502,42
1502,514
1503,474
1503,494
1503,521
1504,42
1504,514
1505,172
1505,474
1506,172
1506,494
1507,42
1507,494
1508,172
1508,474
1509,354
1509,474
1510,474
1510,500
1510,514
1510,521
1511,42
1511,474
1512,42
1512,445
1513,121
1513,664
1514,42
1514,319
1514,514
1515,42
1515,521
1516,494
1516,521
1517,474
1517,494
1518,474
1518,494
1518,521
1519,335
1519,498
1520,319
1520,474
1521,474
1521,514
1521,521
1522,498
1522,664
1523,474
1523,521
1524,474
1524,521
1525,521
1525,812
1526,42
1526,514
1526,812
1527,42
1527,494
1527,514
1528,474
1528,521
1529,42
1529,521
1530,474
1530,521
1531,558
1531,664
1532,474
1532,521
1533,474
1533,521
1534,474
1534,521
1535,474
1535,500
1536,474
1536,521
1537,42
1537,521
1538,474
1538,521
1539,474
1539,521
1540,42
1540,664
1541,319
1541,498
1542,664
1542,847
1543,498
1543,664
1544,500
1544,521
1545,500
1545,521
1546,70
1546,1037
1547,555
1547,617
1548,198
1548,475
1549,262
1549,289
1550,15
1550,953
1551,476
1551,594
1552,463
1552,728
1553,756
1553,1053
1554,280
1554,713
1555,280
1555,713
1556,539
1556,838
1557,591
1557,640
1558,591
1558,640
1559,415
1559,431
1560,688
1560,1076
1561,319
1561,415
1562,680
1562,783
1563,417
1563,783
1564,417
1564,783
1565,783
1565,888
1566,680
1566,783
1567,680
1567,783
1568,824
1568,845
1569,756
1569,1051
1570,375
1570,1051
1571,375
1571,1051
1572,375
1572,756
1573,286
1573,756
1574,7
1574,491
1575,616
1575,742
1576,742
1576,865
1577,35
1577,290
1578,986
1578,1029
1579,56
1579,690
1580,471
1580,690
1581,58
1581,987
1582,176
1582,885
1583,57
1583,696
1584,57
1584,696
1585,57
1585,696
1586,57
1586,696
1587,57
1587,696
1588,57
1588,696
1589,57
1589,696
1590,57
1590,696
1591,57
1591,696
1592,57
1592,696
1593,57
1593,696
1594,57
1594,696
1595,468
1595,541
1596,684
1596,941
1597,619
1597,941
1598,839
1598,891
1599,477
1599,1043
1600,477
1600,1043
1601,477
1601,1043
1602,124
1602,475
1603,857
1603,901
1604,215
1604,861
1605,842
1605,928
1606,56
1606,819
1607,823
1607,1077
1608,619
1608,1005
1609,169
1609,1083
1610,198
1610,283
1611,96
1611,527
1612,96
1612,188
1613,96
1613,1068
1614,400
1614,984
1615,122
1615,594
1616,102
1616,809
1617,354
1617,506
1618,702
1618,921
1619,702
1619,1020
1620,702
1620,1020
1621,583
1621,702
1622,583
1622,702
1623,583
1623,702
1624,594
1624,1064
1625,688
1625,760
1626,188
1626,440
1627,188
1627,440
1628,188
1628,440
1629,188
1629,440
1630,188
1630,440
1631,188
1631,440
1632,188
1632,440
1633,188
1633,440
1634,188
1634,440
1635,188
1635,440
1636,188
1636,440
1637,188
1637,440
1638,188
1638,440
1639,278
1639,354
1640,612
1640,994
1641,206
1641,383
1642,276
1642,503
1643,42
1643,527
1644,42
1644,527
1645,597
1645,704
1646,623
1646,955
1647,307
1647,861
1648,597
1648,742
1649,597
1649,1051
1650,273
1650,908
1651,639
1651,675
1652,350
1652,1065
1653,62
1653,683
1654,519
1654,869
1655,62
1655,683
1655,760
1656,361
1656,897
1657,361
1657,629
1657,897
1658,389
1658,572
1659,379
1659,869
1660,772
1660,1066
1661,255
1661,364
1662,195
1662,465
1662,519
1662,803
1663,195
1663,379
1664,364
1664,398
1665,275
1665,280
1666,157
1666,465
1667,187
1667,852
1668,323
1668,869
1669,433
1669,915
1670,81
1670,915
1671,199
1671,558
1672,90
1672,450
1673,283
1673,558
1674,558
1674,1057
1675,242
1675,869
1676,137
1676,680
1677,407
1677,1057
1678,348
1678,519
1679,132
1679,369
1680,177
1680,193
1681,816
1681,1040
1682,744
1682,761
1683,572
1683,893
1683,992
1684,519
1684,1031
1685,47
1685,572
1685,869
1686,519
1686,992
1687,129
1687,452
1688,200
1688,1015
1689,248
1689,322
1690,369
1690,967
1691,1028
1691,1057
1692,143
1692,608
1693,407
1693,822
1694,694
1694,900
1695,9
1695,98
1695,462
1696,206
1696,462
1696,466
1696,532
1696,833
1697,107
1697,290
1698,906
1698,1048
1699,9
1699,377
1699,970
1700,33
1700,1039
1701,14
1701,286
1702,120
1702,354
1703,354
1703,664
1704,431
1704,830
1705,334
1705,1011
1706,295
1706,415
1707,596
1707,626
1708,957
1708,987
1709,303
1709,987
1710,172
1710,991
1711,76
1711,95
1712,95
1712,1062
1713,76
1713,95
1714,95
1714,991
1715,76
1715,991
1716,440
1716,647
1717,440
1717,647
1718,329
1718,746
1719,440
1719,647
1720,440
1720,647
1721,440
1721,647
1722,440
1722,647
1723,440
1723,647
1724,17
1724,324
1725,440
1725,647
1726,440
1726,647
1727,440
1727,647
1728,17
1728,647
1729,440
1729,647
1730,440
1730,647
1731,440
1731,647
1732,440
1732,647
1733,440
1733,647
1734,440
1734,746
1735,440
1735,647
1736,440
1736,647
1737,440
1737,647
1738,440
1738,647
1739,440
1739,647
1740,440
1740,647
1741,440
1741,647
1742,440
1742,647
1743,440
1743,647
1744,440
1744,647
1745,647
1745,746
1746,354
1746,1044
1747,484
1747,885
1748,488
1748,885
1749,494
1749,913
1750,8
1750,25
1751,8
1751,25
1752,527
1752,742
1753,527
1753,742
1754,354
1754,527
1755,509
1755,527
1756,481
1756,527
1757,85
1757,345
1758,136
1758,992
1759,110
1759,332
1760,375
1760,1051
1761,745
1761,1082
1762,50
1762,354
1762,904
1763,359
1763,438
1764,354
1764,913
1765,354
1765,913
1766,354
1766,913
1767,818
1767,1076
1768,19
1768,543
1769,256
1769,484
1770,98
1770,484
1771,396
1771,951
1772,108
1772,312
1772,800
1773,413
1773,708
1773,766
1774,983
1774,1034
1775,413
1775,708
1776,62
1776,153
1776,324
1776,869
1777,325
1777,495
1777,976
1777,1079
1778,60
1778,553
1778,727
1778,992
1779,210
1779,839
1780,153
1780,462
1780,953
1781,286
1781,442
1781,505
1781,680
1781,852
1781,869
1782,413
1782,494
1783,413
1783,742
1784,291
1784,708
1784,742
1785,291
1785,708
1785,944
1786,464
1786,708
1786,878
1787,11
1787,665
1788,323
1788,325
1788,541
1788,708
1789,560
1789,647
1790,647
1790,746
1791,623
1791,647
1792,647
1792,746
1792,812
1793,647
1793,746
1794,532
1794,860
1795,89
1795,651
1795,1058
1796,251
1796,577
1797,391
1797,834
1798,909
1798,1074
1799,492
1799,753
1800,916
1800,943
1801,326
1801,492
1802,492
1802,753
1803,178
1803,359
1804,178
1804,359
1805,178
1805,1077
1806,178
1806,1077
1807,212
1807,436
1808,212
1808,662
1809,212
1809,436
1810,397
1810,448
1811,397
1811,559
1812,397
1812,448
1813,649
1813,868
1814,621
1814,816
1815,816
1815,889
1816,621
1816,831
1817,555
1817,621
1818,555
1818,621
1819,150
1819,349
1820,323
1820,639
1821,555
1821,617
1822,555
1822,617
1823,578
1823,615
1824,543
1824,803
1825,543
1825,803
1826,529
1826,975
1827,354
1827,742
1828,204
1828,461
1829,267
1829,510
1830,495
1830,951
1831,335
1831,951
1832,527
1832,750
1833,254
1833,354
1833,527
1834,12
1834,40
1835,98
1835,212
1836,130
1836,484
1837,484
1837,1056
1838,477
1838,1043
1839,477
1839,1043
1840,477
1840,1043
1841,477
1841,1043
1842,493
1842,975
1843,533
1843,628
1844,684
1844,941
1845,897
1845,1039
1846,344
1846,359
1847,755
1847,792
1848,425
1848,621
1849,621
1849,781
1850,684
1850,941
1851,337
1851,684
1852,484
1852,933
1853,851
1853,916
1854,458
1854,916
1855,458
1855,916
1856,625
1856,885
1857,330
1857,499
1858,354
1858,527
1859,354
1859,441
1860,194
1860,483
1861,89
1861,651
1862,354
1862,702
1863,445
1863,974
1864,95
1864,1024
1865,659
1865,926
1866,20
1866,992
1867,20
1867,865
1868,497
1868,798
1869,53
1869,678
1870,468
1870,678
1871,468
1871,678
1872,779
1872,902
1873,784
1873,992
1874,784
1874,992
1875,365
1875,719
1876,168
1876,652
1877,168
1877,652
1878,378
1878,986
1879,280
1879,432
1880,280
1880,432
1881,529
1881,807
1882,69
1882,635
1883,359
1883,527
1884,246
1884,273
1885,273
1885,908
1886,458
1886,880
1887,354
1887,484
1888,354
1888,484
1889,484
1889,838
1890,512
1890,950
1891,752
1891,834
1892,364
1892,405
1893,113
1893,820
1894,767
1894,916
1895,767
1895,916
1896,767
1896,916
1897,767
1897,916
1898,767
1898,916
1899,767
1899,916
1900,325
1900,359
1901,325
1901,510
1902,267
1902,325
1903,267
1903,325
1904,555
1904,617
1905,407
1905,806
1906,335
1906,635
1907,224
1907,311
1908,90
1908,456
1909,688
1909,760
1910,688
1910,760
1911,688
1911,771
1912,129
1912,153
1913,534
1913,601
1914,446
1914,505
1915,169
1915,1083
1916,391
1916,834
1917,425
1917,684
1918,425
1918,684
1919,425
1919,684
1920,684
1920,941
1921,916
1921,923
1922,391
1922,834
1923,228
1923,609
1924,187
1924,242
1925,222
1925,300
1926,498
1926,582
1927,749
1927,767
1928,188
1928,307
1929,267
1929,398
1930,231
1930,646
1931,646
1931,721
1932,505
1932,916
1933,95
1933,1062
1934,91
1934,616
1935,168
1935,376
1936,168
1936,376
1937,449
1937,1070
1938,589
1938,729
1939,625
1939,1053
1940,154
1940,405
1941,625
1941,860
1942,207
1942,581
1943,581
1943,1034
1944,983
1944,1034
1945,665
1945,983
1946,18
1946,503
1947,18
1947,317
1948,124
1948,208
1949,585
1949,730
1950,351
1950,730
1951,407
1951,806
1952,975
1952,1017
1953,1015
1953,1017
1954,272
1954,952
1955,824
1955,891
1956,989
1956,1042
1957,989
1957,1042
1958,989
1958,1042
1959,989
1959,1042
1960,989
1960,1042
1961,989
1961,1042
1962,989
1962,1042
1963,989
1963,1042
1964,989
1964,1042
1965,989
1965,1042
1966,989
1966,1042
1967,989
1967,1042
1968,989
1968,1042
1969,989
1969,1042
1970,647
1970,663
1971,647
1971,663
1972,647
1972,663
1973,647
1973,663
1974,70
1974,261
1975,350
1975,918
1976,319
1976,664
1977,521
1977,1044
1978,521
1978,1044
1979,521
1979,1044
1980,521
1980,1044
1981,521
1981,1044
1982,521
1982,1044
1983,169
1983,1083
1984,253
1984,420
1985,555
1985,617
1986,43
1986,554
1987,285
1987,390
1988,278
1988,865
1989,391
1989,834
1990,176
1990,841
1991,628
1991,861
1992,315
1992,530
1993,181
1993,1082
1994,664
1994,931
1995,181
1995,354
1996,368
1996,970
1997,652
1997,970
1998,364
1998,891
1999,652
1999,891
2000,891
2000,1044
2001,643
2001,817
2002,522
2002,860
2003,17
2003,248
2003,522
2003,901
2004,392
2004,901
2005,665
2005,1035
2006,581
2006,1012
2007,706
2007,1006
2008,120
2008,474
2009,120
2009,474
2010,120
2010,354
2011,120
2011,474
2012,511
2012,742
2013,511
2013,742
2014,511
2014,742
2015,742
2015,879
2016,511
2016,742
2017,511
2017,528
2018,528
2018,742
2019,511
2019,742
2020,354
2020,511
2021,511
2021,742
2022,354
2022,511
2022,1055
2023,354
2023,511
2024,511
2024,879
2025,354
2025,511
2026,511
2026,742
2027,69
2027,742
2028,295
2028,833
2029,95
2029,536
2030,282
2030,736
2031,32
2031,158
2032,81
2032,1080
2033,247
2033,274
2033,421
2034,658
2034,813
2035,813
2035,885
2036,813
2036,885
2037,731
2037,1007
2038,463
2038,586
2039,593
2039,768
2040,310
2040,904
2041,157
2041,379
2042,157
2042,379
2043,157
2043,379
2044,364
2044,463
2045,527
2045,987
2046,527
2046,562
2047,301
2047,527
2048,527
2048,568
2049,313
2049,527
2050,904
2050,1082
2051,673
2051,724
2052,694
2052,905
2053,694
2053,905
2054,431
2054,925
2055,407
2055,806
2056,484
2056,638
2057,211
2057,648
2058,211
2058,648
2059,489
2059,582
2060,686
2060,878
2061,245
2061,561
2062,235
2062,686
2063,372
2063,561
2064,208
2064,462
2065,47
2065,263
2065,884
2066,305
2066,650
2067,173
2067,1062
2068,227
2068,405
2069,461
2069,591
2070,171
2070,851
2071,390
2071,928
2072,233
2072,427
2072,1049
2073,976
2073,1017
2074,61
2074,203
2075,463
2075,823
2076,715
2076,906
2077,188
2077,633
2078,212
2078,377
2079,814
2079,848
2080,356
2080,1070
2081,196
2081,689
2082,784
2082,1082
2083,335
2083,784
2084,20
2084,521
2085,20
2085,521
2086,87
2086,648
2087,319
2087,664
2088,845
2088,943
2089,310
2089,375
2090,240
2090,515
2091,953
2091,1014
2092,673
2092,724
2093,621
2093,816
2094,291
2094,579
2095,662
2095,925
2096,291
2096,324
2096,579
2097,293
2097,742
2098,293
2098,742
2099,293
2099,619
2100,293
2100,819
2101,111
2101,1071
2102,319
2102,619
2102,635
2103,293
2103,335
2104,335
2104,698
2105,342
2105,819
2106,293
2106,993
2107,319
2107,474
2108,293
2108,819
2109,293
2109,742
2110,293
2110,819
2111,293
2111,723
2112,868
2112,957
2113,471
2113,619
2114,471
2114,969
2115,391
2115,834
2116,7
2116,18
2117,615
2117,952
2118,621
2118,950
2119,759
2119,1031
2120,738
2120,943
2121,154
2121,602
2122,208
2122,806
2123,407
2123,476
2124,768
2124,887
2125,476
2125,887
2126,282
2126,405
2127,282
2127,405
2128,282
2128,405
2129,282
2129,890
2130,282
2130,890
2131,282
2131,890
2132,282
2132,890
2133,282
2133,890
2134,518
2134,685
2135,302
2135,939
2136,391
2136,834
2137,413
2137,569
2138,41
2138,625
2139,328
2139,625
2140,328
2140,928
2141,805
2141,1059
2142,685
2142,1039
2143,167
2143,685
2144,831
2144,889
2145,831
2145,889
2146,773
2146,831
2147,773
2147,889
2148,285
2148,448
2149,123
2149,773
2150,465
2150,561
2151,465
2151,561
2152,465
2152,561
2153,465
2153,561
2154,465
2154,561
2155,676
2155,737
2156,138
2156,808
2157,138
2157,849
2158,267
2158,895
2159,290
2159,1023
2160,391
2160,834
2161,391
2161,834
2162,391
2162,834
2163,391
2163,834
2164,548
2164,806
2165,314
2165,817
2166,47
2166,736
2167,230
2167,318
2168,318
2168,1053
2169,153
2169,234
2169,295
2170,274
2170,524
2171,407
2171,806
2172,158
2172,361
2173,48
2173,751
2174,145
2174,1059
2175,922
2175,1059
2176,169
2176,572
2177,9
2177,190
2177,785
2178,599
2178,785
2179,599
2179,610
2180,40
2180,981
2181,856
2181,888
2182,170
2182,234
2182,400
2183,398
2183,774
2184,15
2184,267
2184,296
2184,516
2185,291
2185,342
2186,635
2186,776
2187,164
2187,1039
2188,852
2188,1066
2189,545
2189,1006
2190,267
2190,443
2191,267
2191,484
2191,1018
2192,19
2192,484
2192,577
2193,19
2193,365
2193,516
2193,521
2193,577
2193,744
2193,806
2193,827
2194,365
2194,516
2194,521
2194,621
2194,744
2194,806
2194,827
2194,906
2195,84
2195,145
2195,167
2195,171
2195,280
2195,418
2195,474
2195,734
2196,84
2196,145
2196,167
2196,171
2196,413
2196,418
2196,474
2196,734
2197,167
2197,413
2197,418
2197,439
2197,474
2197,734
2198,413
2198,439
2198,458
2198,474
2198,734
2199,74
2199,413
2199,439
2199,458
2199,474
2199,750
2199,895
2199,976
2200,1
2200,238
2200,474
2200,527
2200,638
2200,828
2200,856
2200,857
2201,238
2201,311
2201,474
2201,527
2201,638
2201,828
2201,856
2201,857
2202,238
2202,293
2202,311
2202,474
2202,638
2202,856
2202,857
2203,293
2203,549
2204,549
2204,604
2204,742
2204,797
2204,854
2204,861
2204,1054
2205,254
2205,344
2205,354
2205,386
2205,604
2205,742
2205,797
2205,854
2206,354
2206,463
2207,364
2207,445
2207,463
2207,489
2207,508
2207,524
2207,768
2207,892
2208,364
2208,445
2208,489
2208,508
2208,524
2208,768
2208,892
2208,1000
2209,422
2209,958
2210,314
2210,817
2211,293
2211,657
2212,555
2212,617
2213,706
2213,1006
2214,157
2214,220
2214,234
2214,249
2214,288
2214,736
2214,917
2215,157
2215,234
2215,490
2215,736
2215,917
2216,490
2216,949
2217,243
2217,949
2218,51
2218,1059
2219,320
2219,400
2220,532
2220,1059
2221,9
2221,1059
2222,348
2222,530
2223,155
2223,363
2223,927
2224,683
2224,827
2225,372
2225,827
2225,884
2226,265
2226,922
2227,95
2227,359
2228,10
2228,431
2229,431
2229,830
2230,732
2230,886
2231,238
2231,562
2232,767
2232,851
2233,1001
2233,1042
2234,405
2234,703
2235,230
2235,462
2236,407
2236,806
2237,200
2237,523
2238,527
2238,917
2239,878
2239,879
2240,55
2240,353
2241,196
2241,312
2242,214
2242,639
2243,606
2243,639
2244,297
2244,912
2245,388
2245,409
2246,388
2246,409
2247,388
2247,409
2248,388
2248,409
2249,388
2249,409
2250,388
2250,409
2251,388
2251,409
2252,154
2252,602
2253,154
2253,602
2254,138
2254,915
2255,155
2255,392
2256,155
2256,392
2257,155
2257,392
2258,155
2258,392
2259,155
2259,392
2260,155
2260,392
2261,155
2261,392
2262,155
2262,392
2263,991
2263,1009
2264,287
2264,851
2265,89
2265,1047
2266,313
2266,731
2267,591
2267,681
2268,296
2268,887
2269,152
2269,942
2270,535
2270,707
2271,688
2271,1076
2272,688
2272,760
2273,171
2273,372
2274,672
2274,821
2275,614
2275,857
2276,486
2276,610
2277,273
2277,1068
2278,760
2278,1076
2279,181
2279,1044
2280,638
2280,957
2281,674
2281,981
2282,154
2282,602
2283,154
2283,602
2284,154
2284,602
2285,478
2285,703
2286,591
2286,1049
2287,591
2287,805
2288,238
2288,957
2289,195
2289,593
2290,318
2290,1044
2291,800
2291,1044
2292,939
2292,1051
2293,939
2293,1051
2294,351
2294,1051
2295,365
2295,995
2295,1054
2296,121
2296,1054
2297,267
2297,412
2297,474
2297,562
2297,762
2298,121
2298,762
2299,121
2299,440
2299,889
2300,355
2300,363
2300,474
2300,758
2300,901
2301,121
2301,474
2301,817
2301,976
2302,371
2302,906
2303,235
2303,471
2303,879
2304,474
2304,745
2305,235
2305,471
2306,688
2306,1076
2307,407
2307,806
2308,84
2308,524
2309,54
2309,158
2310,54
2310,805
2311,805
2311,863
2312,443
2312,863
2313,104
2313,328
2314,154
2314,808
2315,19
2315,474
2315,495
2316,431
2316,464
2317,121
2317,464
2318,96
2318,489
2319,96
2319,913
2320,56
2320,445
2320,493
2320,913
2320,975
2321,267
2321,414
2322,121
2322,414
2323,121
2323,768
2324,371
2324,440
2324,976
2325,716
2325,923
2326,473
2326,733
2327,169
2327,1083
2328,206
2328,466
2329,110
2329,851
2330,110
2330,360
2330,851
2331,495
2331,521
2332,267
2332,521
2333,267
2333,891
2334,184
2334,891
2335,280
2335,445
2335,471
2335,489
2335,495
2335,836
2336,280
2336,445
2336,495
2336,515
2337,207
2337,238
2338,238
2338,371
2338,762
2339,344
2339,371
2339,390
2339,495
2339,762
2340,344
2340,371
2340,390
2340,440
2340,495
2341,73
2341,344
2341,440
2341,495
2342,309
2342,953
2343,268
2343,786
2344,37
2344,356
2344,929
2345,285
2345,474
2345,767
2346,80
2346,159
2346,474
2346,767
2347,80
2347,159
2347,392
2347,521
2348,267
2348,392
2348,521
2348,922
2349,612
2349,922
2350,202
2350,612
2351,471
2351,495
2352,365
2352,471
2352,510
2352,629
2353,510
2353,744
2353,1014
2354,440
2354,549
2355,267
2355,796
2356,458
2356,750
2357,621
2357,790
2358,508
2358,790
2359,23
2359,398
2359,508
2360,19
2360,23
2360,398
2361,76
2361,169
2362,445
2362,768
2363,333
2363,660
2364,23
2364,515
2365,515
2365,614
2366,129
2366,206
2366,614
2367,129
2367,206
2367,235
2368,235
2368,331
2369,484
2369,1054
2370,138
2370,404
2370,635
2370,750
2371,138
2371,187
2372,235
2372,1027
2373,750
2373,1018
2374,159
2374,495
2374,527
2374,576
2374,723
2374,767
2374,1014
2375,74
2375,495
2375,527
2375,576
2375,767
2375,1014
2376,74
2376,238
2376,495
2376,527
2376,576
2376,767
2376,922
2377,74
2377,238
2377,267
2377,527
2377,767
2377,922
2378,23
2378,74
2378,238
2378,267
2378,922
2379,23
2379,257
2379,401
2379,702
2379,814
2380,100
2380,257
2380,401
2380,468
2380,702
2380,814
2381,80
2381,100
2381,257
2381,468
2381,702
2382,80
2382,100
2382,280
2382,468
2383,121
2383,354
2383,560
2383,652
2383,906
2384,121
2384,291
2384,315
2384,439
2384,535
2384,1071
2385,291
2385,293
2385,315
2385,439
2385,1071
2386,291
2386,293
2386,439
2386,521
2386,745
2386,1071
2387,285
2387,407
2387,511
2387,521
2387,745
2388,407
2388,511
2388,734
2389,511
2389,734
2389,736
2390,412
2390,734
2390,736
2390,806
2391,779
2391,806
2392,779
2392,921
2392,1004
2393,822
2393,912
2394,277
2394,680
2395,166
2395,925
2396,15
2396,166
2396,167
2397,15
2397,51
2398,282
2398,405
2399,391
2399,834
2400,391
2400,834
2401,391
2401,834
2402,854
2402,1014
2403,235
2403,948
2404,304
2404,471
2404,768
2405,436
2405,484
2406,235
2406,436
2406,621
2407,1
2407,235
2407,267
2407,621
2408,1
2408,235
2408,260
2408,267
2409,1
2409,260
2409,267
2409,471
2409,1014
2410,1
2410,260
2410,458
2410,471
2410,1014
2411,404
2411,458
2411,471
2411,791
2412,238
2412,392
2412,404
2412,458
2412,791
2413,9
2413,56
2413,121
2413,392
2413,527
2413,554
2413,797
2413,1014
2414,474
2414,515
2414,527
2414,742
2414,797
2414,906
2414,1014
2414,1030
2415,474
2415,495
2415,515
2415,742
2415,906
2415,1014
2415,1030
2416,474
2416,495
2416,515
2416,646
2416,742
2417,442
2417,474
2417,495
2417,646
2418,169
2418,442
2418,495
2418,646
2418,784
2419,167
2419,169
2419,199
2419,371
2419,442
2419,646
2419,784
2420,167
2420,169
2420,199
2420,371
2420,442
2420,784
2420,962
2421,167
2421,169
2421,199
2421,371
2421,762
2421,962
2422,167
2422,199
2422,371
2422,412
2422,762
2422,880
2422,962
2423,167
2423,371
2423,412
2423,762
2423,838
2423,880
2423,962
2424,412
2424,657
2424,762
2424,838
2424,879
2424,880
2425,412
2425,657
2425,745
2425,817
2425,838
2425,879
2425,880
2426,657
2426,745
2426,779
2426,817
2426,838
2426,879
2426,880
2427,201
2427,657
2427,745
2427,779
2427,817
2427,879
2427,1054
2428,201
2428,464
2428,745
2428,779
2428,817
2428,879
2428,1054
2429,84
2429,201
2429,463
2429,464
2429,745
2429,779
2429,1054
2430,84
2430,201
2430,364
2430,463
2430,464
2430,889
2430,1054
2431,23
2431,84
2431,364
2431,463
2431,464
2431,889
2432,23
2432,84
2432,364
2432,417
2432,463
2432,612
2432,633
2432,889
2433,23
2433,364
2433,417
2433,489
2433,612
2433,633
2433,889
2434,417
2434,439
2434,489
2434,612
2435,141
2435,327
2435,439
2435,489
2436,132
2436,286
2436,1049
2437,132
2437,944
2437,1049
2438,51
2438,56
2439,686
2439,944
2440,85
2440,291
2441,814
2441,1064
2442,842
2442,928
2443,120
2443,238
2443,612
2443,745
2443,854
2444,20
2444,238
2444,345
2444,439
2444,745
2445,20
2445,345
2445,439
2445,468
2445,721
2445,745
2446,20
2446,84
2446,456
2446,468
2446,721
2447,84
2447,456
2447,468
2447,604
2447,721
2448,84
2448,267
2448,456
2448,604
2448,879
2449,549
2449,976
2450,140
2450,371
2450,474
2450,1014
2451,463
2451,493
2451,891
2451,933
2452,183
2452,364
2452,463
2452,493
2452,891
2452,948
2453,74
2453,183
2453,364
2454,74
2454,471
2455,120
2455,510
2456,23
2456,319
2456,1004
2457,160
2457,320
2457,674
2457,949
2458,1
2458,160
2458,251
2458,320
2458,674
2459,218
2459,664
2460,218
2460,933
2461,250
2461,255
2461,933
2462,250
2462,255
2462,475
2463,183
2463,187
2463,233
2463,474
2464,183
2464,233
2464,474
2464,921
2465,476
2465,976
2466,293
2466,976
2467,199
2467,293
2468,199
2468,267
2468,300
2469,404
2469,628
2470,628
2470,891
2471,159
2471,474
2471,549
2471,621
2471,891
2472,159
2472,474
2472,621
2472,1000
2473,159
2473,621
2473,657
2473,921
2473,1000
2474,99
2474,508
2474,619
2474,657
2474,742
2474,921
2474,934
2474,1000
2475,99
2475,508
2475,619
2475,657
2475,742
2475,934
2475,1004
2476,20
2476,267
2476,412
2476,619
2476,635
2476,842
2476,934
2476,1004
2477,20
2477,90
2477,267
2477,412
2477,619
2477,635
2477,842
2477,1004
2478,20
2478,90
2478,267
2478,412
2478,635
2478,842
2478,928
2478,1004
2479,20
2479,90
2479,412
2479,768
2479,842
2479,928
2480,90
2480,187
2480,412
2480,471
2480,768
2480,842
2480,922
2480,928
2481,90
2481,187
2481,201
2481,471
2481,768
2481,842
2481,922
2481,928
2482,187
2482,201
2482,471
2482,768
2482,901
2482,922
2482,928
2483,69
2483,187
2483,201
2483,471
2483,768
2483,901
2483,922
2484,69
2484,187
2484,201
2484,471
2484,901
2484,922
2484,996
2485,69
2485,187
2485,201
2485,827
2485,901
2485,922
2485,996
2486,604
2486,827
2486,996
2487,140
2487,485
2487,604
2487,750
2487,827
2488,140
2488,485
2488,604
2488,635
2488,750
2488,943
2488,1030
2488,1054
2489,445
2489,635
2489,943
2489,1030
2489,1054
2490,9
2490,105
2490,300
2490,734
2491,9
2491,105
2491,300
2491,661
2492,105
2492,646
2492,661
2493,493
2493,993
2494,210
2494,792
2495,555
2495,617
2496,555
2496,617
2497,50
2497,372
2497,766
2497,922
2498,570
2498,922
2499,90
2499,175
2499,290
2500,280
2500,290
2501,280
2501,363
2502,363
2502,464
2503,725
2503,736
2504,520
2504,736
2505,135
2505,520
2506,90
2506,367
2506,865
2506,1040
2507,90
2507,214
2507,367
2507,856
2507,1007
2507,1040
2508,89
2508,90
2508,214
2508,367
2508,856
2508,1007
2509,89
2509,363
2509,841
2509,942
2510,635
2510,796
2510,933
2511,400
2511,826
2512,365
2512,464
2512,520
2512,750
2513,23
2513,365
2513,520
2513,750
2514,23
2514,365
2514,1014
2515,159
2515,300
2515,1014
2516,157
2516,346
2516,748
2516,767
2516,993
2517,157
2517,310
2517,346
2517,748
2517,767
2518,310
2518,346
2518,748
2518,792
2519,34
2519,310
2519,748
2519,792
2519,1016
2519,1058
2520,20
2520,34
2520,310
2520,792
2520,1016
2520,1058
2521,20
2521,34
2521,95
2521,323
2521,828
2521,921
2521,1054
2521,1058
2522,20
2522,29
2522,34
2522,95
2522,323
2522,828
2522,921
2522,1054
2523,29
2523,84
2523,363
2523,390
2523,635
2523,856
2523,933
2523,1054
2524,29
2524,84
2524,145
2524,363
2524,390
2524,635
2524,856
2524,933
2525,145
2525,709
2526,235
2526,369
2526,523
2526,709
2526,822
2527,19
2527,235
2527,369
2527,523
2527,611
2527,790
2527,822
2528,327
2528,702
2529,640
2529,781
2530,74
2530,240
2530,823
2530,974
2531,938
2531,976
2532,286
2532,570
2532,976
2533,62
2533,257
2533,286
2533,570
2534,62
2534,257
2534,286
2534,295
2535,54
2535,62
2535,66
2535,257
2535,295
2535,401
2535,790
2535,1015
2536,9
2536,54
2536,66
2536,269
2536,663
2536,790
2536,1015
2536,1023
2537,154
2537,602
2538,154
2538,602
2539,352
2539,866
2540,197
2540,208
2540,921
2540,976
2541,208
2541,464
2541,484
2541,582
2541,903
2541,921
2541,976
2541,1058
2542,555
2542,617
2543,515
2543,615
2544,79
2544,709
2545,269
2545,1068
2546,709
2546,1021
2547,953
2547,1050
2548,13
2548,401
2548,914
2548,953
2549,857
2549,914
2550,34
2550,82
2550,156
2550,328
2550,350
2550,521
2550,866
2551,34
2551,156
2551,328
2551,350
2551,521
2551,759
2551,866
2552,90
2552,156
2552,328
2552,350
2552,486
2552,521
2552,759
2552,866
2553,90
2553,358
2553,486
2553,635
2553,759
2553,921
2554,156
2554,463
2554,589
2554,635
2554,709
2554,750
2554,796
2554,890
2555,331
2555,410
2555,463
2555,589
2555,709
2555,750
2555,796
2555,890
2556,331
2556,410
2556,523
2556,589
2556,709
2556,750
2556,796
2556,890
2557,304
2557,331
2557,410
2557,523
2558,201
2558,304
2558,410
2558,523
2559,129
2559,166
2559,201
2559,295
2559,304
2559,340
2559,885
2559,921
2560,129
2560,166
2560,679
2560,885
2560,921
2561,129
2561,395
2561,679
2561,761
2561,885
2561,921
2562,343
2562,372
2562,395
2562,679
2562,761
2563,160
2563,343
2563,372
2563,395
2563,761
2563,1021
2564,160
2564,343
2564,372
2564,1019
2564,1021
2565,160
2565,343
2565,732
2565,1019
2565,1021
2566,70
2566,160
2566,284
2566,732
2566,1019
2566,1021
2567,70
2567,336
2567,1027
2568,336
2568,659
2568,823
2568,1027
2568,1068
2569,148
2569,659
2569,823
2569,1068
2570,54
2570,156
2571,27
2571,54
2572,234
2572,286
2572,331
2572,521
2572,837
2572,1002
2572,1050
2573,234
2573,286
2573,331
2573,496
2573,521
2573,522
2573,1002
2573,1050
2574,198
2574,234
2574,286
2574,331
2574,496
2574,522
2574,1002
2574,1050
2575,171
2575,179
2575,583
2575,657
2575,796
2576,99
2576,634
2577,99
2577,404
2578,357
2578,921
2579,21
2579,336
2580,21
2580,1019
2581,171
2581,392
2582,70
2582,634
2582,679
2583,331
2583,523
2584,331
2584,709
2585,709
2585,901
2586,66
2586,160
2586,433
2586,796
2587,66
2587,433
2587,750
2588,90
2588,521
2588,750
2589,90
2589,523
2590,350
2590,523
2591,350
2591,618
2592,263
2592,386
2592,390
2593,152
2593,171
2593,668
2593,682
2593,744
2594,152
2594,682
2594,865
2595,635
2595,928
2596,34
2596,295
2597,34
2597,293
2597,463
2598,293
2598,463
2598,523
2599,234
2599,463
2599,523
2600,659
2600,748
2601,842
2601,928
2602,750
2602,928
2603,350
2603,872
2604,223
2604,546
2605,352
2605,775
2606,223
2606,416
2607,759
2607,860
2607,945
