relation,count,symmetry,symmetric,mrr_roth,n_roth,mrr_refh,n_refh,mrr_atth,n_atth,mrr_delta
HAS_CATEGORY,47783,0.0,False,0.01053881441911078,81,0.013211888296088627,81,0.01113731449265298,81,-0.0020745738034356476
SUBCATEGORY_OF,224,0.0,False,0.014285714285714285,1,0.01694915254237288,1,0.010101010101010102,1,-0.006848142441362779
LOCATED_IN,47786,0.0,False,0.0026850215206120263,84,0.0014766392422684866,84,0.009899606718466805,84,0.008422967476198319
IS_NEAR_TO,587154,1.0,True,0.13312794011502768,1142,0.1242201475096937,1142,0.0969290793251758,1142,-0.027291068184517903
FOLLOWED_BY,464672,0.1812,False,0.04415208598946778,863,0.04880483984379716,863,0.049987069421995003,863,0.0011822295781978437
VISITED,468597,0.0,False,0.05071958506500816,879,0.04536134748624794,879,0.057254958506761586,879,0.011893611020513645
PREFERS_CATEGORY,55377,0.0,False,0.19512188631888563,105,0.12063275730746865,105,0.21457453619927186,105,0.0939417788918032
FRIEND_OF,235898,1.0,True,0.06070153279813617,452,0.05664200621447105,452,0.045005563579056634,452,-0.011636442635414412
OCCURRED_AT,36621,0.0,False,0.23866219836426195,63,0.23537205604026765,63,0.2849370240032035,63,0.04956496796293583
GROUP_PREFERS,36621,0.0,False,0.33077355762961513,70,0.2508922902523745,70,0.3080361181304972,70,0.05714382787812272
MEMBER_OF,81411,0.0,False,0.024123775401276,134,0.012008976016928968,134,0.01987861953227874,134,0.00786964351534977
CO_ATTENDED,63616,1.0,True,0.08484030870762063,126,0.06673538254760593,126,0.06937021147670905,126,0.0026348289291031196
