user_id,raw_id
0,19
1,58
2,832
3,1057
4,1356
5,1424
6,1668
7,1785
8,2105
9,2596
10,2768
11,2900
12,3171
13,3514
14,3687
15,3849
16,3869
17,4124
18,4141
19,4377
20,4450
21,4517
22,4597
23,4638
24,4811
25,4913
26,5387
27,5499
28,5602
29,5686
30,5995
31,6368
32,6504
33,6898
34,6905
35,7199
36,7485
37,8094
38,8524
39,8554
40,8637
41,8684
42,9017
43,9073
44,9490
45,9646
46,9917
47,10475
48,11378
49,12424
50,12492
51,13259
52,13298
53,13367
54,13453
55,13798
56,14241
57,15452
58,15861
59,15916
60,16182
61,16267
62,16546
63,16624
64,17233
65,17478
66,17480
67,17792
68,17941
69,18431
70,18535
71,18637
72,20580
73,20644
74,20962
75,21391
76,21406
77,21629
78,21742
79,21896
80,22168
81,22638
82,23286
83,23342
84,23599
85,23826
86,23841
87,24306
88,24641
89,25085
90,25260
91,25266
92,25489
93,25827
94,27887
95,28198
96,29446
97,29643
98,30031
99,30071
100,30392
101,30694
102,30724
103,30780
104,31102
105,31123
106,31206
107,31236
108,31238
109,31415
110,31746
111,31763
112,31982
113,32329
114,32430
115,32627
116,33075
117,33481
118,33799
119,33858
120,34858
121,35326
122,35397
123,35694
124,36733
125,36843
126,36866
127,37269
128,37443
129,37920
130,38369
131,39249
132,39447
133,39485
134,39588
135,39628
136,39789
137,40516
138,41558
139,41750
140,41919
141,42610
142,42837
143,42872
144,43160
145,43656
146,43881
147,44337
148,44454
149,44458
150,44945
151,45174
152,45192
153,45550
154,45761
155,46249
156,46823
157,47072
158,47439
159,47802
160,48167
161,48963
162,49809
163,50107
164,50267
165,50679
166,51134
167,51255
168,51309
169,51372
170,51756
171,52018
172,52143
173,52386
174,52393
175,52549
176,52916
177,53452
178,53921
179,54007
180,54189
181,54678
182,54971
183,55495
184,55774
185,56003
186,56007
187,56457
188,56600
189,57629
190,57977
191,58199
192,58201
193,58275
194,58499
195,58590
196,58643
197,58975
198,59253
199,59463
200,59666
201,59748
202,60062
203,60183
204,60327
205,60494
206,61039
207,61161
208,61216
209,61274
210,61462
211,61523
212,61808
213,61889
214,61956
215,62435
216,62543
217,63890
218,64291
219,64707
220,64835
221,65067
222,65309
223,65381
224,65548
225,65679
226,65771
227,65858
228,66452
229,66645
230,66782
231,67489
232,67581
233,67854
234,68042
235,68321
236,68329
237,68470
238,68594
239,70622
240,70804
241,70811
242,70956
243,71059
244,71080
245,71270
246,71344
247,71820
248,72852
249,73004
250,73523
251,73593
252,73656
253,73863
254,73926
255,73928
256,74165
257,74191
258,74385
259,74978
260,75063
261,75089
262,75274
263,75487
264,75546
265,76222
266,76304
267,76566
268,76833
269,76990
270,77073
271,77395
272,77944
273,78038
274,78604
275,78912
276,79424
277,79439
278,79735
279,79766
280,79996
281,80650
282,81171
283,81294
284,81475
285,81663
286,82633
287,82727
288,82893
289,82895
290,82948
291,83121
292,83302
293,83706
294,83981
295,84554
296,84559
297,84698
298,84720
299,84816
300,85026
301,85034
302,85095
303,85116
304,85306
305,85514
306,85656
307,85883
308,86584
309,86894
310,87114
311,87488
312,88132
313,88203
314,88216
315,88438
316,88470
317,88602
318,89110
319,89621
320,90038
321,90040
322,90110
323,90276
324,90547
325,92546
326,92568
327,92756
328,92896
329,93462
330,93570
331,93691
332,93777
333,93831
334,93882
335,93951
336,94003
337,94901
338,95285
339,95622
340,95911
341,97343
342,97653
343,97991
344,98228
345,98372
346,98512
347,99576
348,99816
349,100090
350,100179
351,100441
352,100562
353,100955
354,101106
355,101381
356,101587
357,101768
358,102278
359,102433
360,103382
361,103941
362,104028
363,104516
364,104557
365,104590
366,104604
367,105027
368,105091
369,105193
370,105808
371,106427
372,106476
373,106792
374,107026
375,107201
376,107223
377,107290
378,107334
379,107459
380,107684
381,108246
382,108847
383,108866
384,109151
385,109241
386,109284
387,109324
388,109741
389,110189
390,110209
391,110299
392,110452
393,110475
394,110663
395,111193
396,111574
397,111613
398,111999
399,112266
400,112696
401,112756
402,112897
403,113103
404,113474
405,113631
406,113728
407,113862
408,114066
409,114138
410,114902
411,115204
412,115349
413,115875
414,116253
415,116280
416,116296
417,116449
418,116771
419,116813
420,116821
421,116930
422,117816
423,117950
424,118174
425,118182
426,118294
427,118790
428,118894
429,118975
430,119391
431,119733
432,119848
433,120035
434,120225
435,120335
436,120519
437,120609
438,120620
439,121015
440,121117
441,121840
442,121991
443,122045
444,122051
445,122089
446,122142
447,123141
448,123994
449,124450
450,124776
451,125098
452,125209
453,125368
454,126023
455,126043
456,126117
457,126144
458,126180
459,126270
460,126595
461,126601
462,126786
463,127096
464,127264
465,127687
466,127961
467,127968
468,128059
469,128193
470,129021
471,129041
472,129316
473,129326
474,129525
475,129714
476,130139
477,130156
478,130597
479,131251
480,131254
481,131530
482,132042
483,132572
484,132826
485,132958
486,132998
487,133077
488,133324
489,133788
490,134316
491,134528
492,135593
493,135726
494,135856
495,136064
496,136225
497,136291
498,136367
499,136432
500,136957
501,137064
502,137439
503,137484
504,137548
505,137593
506,137919
507,138096
508,138409
509,139137
510,139224
511,139406
512,140408
513,140421
514,140477
515,140928
516,140980
517,141043
518,141426
519,141436
520,141984
521,142350
522,142567
523,143133
524,143336
525,143984
526,144279
527,144307
528,144754
529,144766
530,145118
531,145267
532,145591
533,146036
534,146462
535,146882
536,148057
537,148216
538,148366
539,149093
540,149893
541,149908
542,150050
543,150088
544,150522
545,151195
546,151356
547,151377
548,151407
549,151488
550,153452
551,153605
552,154188
553,154258
554,154303
555,154380
556,154837
557,155403
558,155926
559,156003
560,156006
561,156167
562,156588
563,156684
564,156804
565,157030
566,157483
567,157563
568,158538
569,158594
570,158729
571,159224
572,159693
573,160577
574,160683
575,160690
576,161487
577,161551
578,161560
579,162139
580,162413
581,162951
582,163257
583,163640
584,163679
585,163892
586,164011
587,165043
588,165796
589,166419
590,167044
591,167511
592,167535
593,167896
594,168011
595,168076
596,168224
597,168313
598,168338
599,168350
600,168975
601,169063
602,169064
603,169122
604,169558
605,169621
606,169673
607,169957
608,170367
609,170394
610,171446
611,172110
612,172514
613,173086
614,173175
615,173353
616,173385
617,175939
618,176272
619,176459
620,176684
621,176852
622,177725
623,177819
624,177907
625,178181
626,178204
627,178347
628,178447
629,178522
630,179110
631,179247
632,179392
633,179626
634,179650
635,179652
636,180825
637,181987
638,182128
639,182143
640,182172
641,182177
642,182275
643,182425
644,182697
645,182768
646,183294
647,183556
648,183592
649,183756
650,184008
651,184075
652,184103
653,184105
654,184876
655,185056
656,185428
657,185979
658,186044
659,186253
660,186344
661,186385
662,187591
663,187805
664,187845
665,187880
666,187958
667,188205
668,188284
669,188659
670,188666
671,188767
672,188817
673,188991
674,189040
675,189388
676,189425
677,189510
678,190050
679,190612
680,190690
681,190704
682,191128
683,191213
684,191221
685,191592
686,191931
687,192162
688,193264
689,193342
690,193533
691,193568
692,194144
693,194242
694,194546
695,194581
696,194606
697,195036
698,195048
699,195486
700,195839
701,196241
702,196309
703,196508
704,197217
705,197898
706,197966
707,198146
708,198654
709,198722
710,199079
711,199830
712,200233
713,200383
714,200891
715,201210
716,201964
717,202651
718,202678
719,202917
720,202975
721,203201
722,203484
723,203737
724,203769
725,203870
726,203995
727,204061
728,204169
729,204436
730,204518
731,204633
732,204646
733,204670
734,204854
735,205195
736,206461
737,206469
738,206655
739,206776
740,207083
741,207280
742,207354
743,208087
744,208124
745,208245
746,208461
747,208491
748,208576
749,208641
750,208728
751,209358
752,209456
753,209790
754,209894
755,210054
756,210362
757,210890
758,211015
759,211548
760,212093
761,212198
762,212278
763,212525
764,214409
765,215148
766,215282
767,215339
768,215587
769,215886
770,216265
771,216813
772,217188
773,217561
774,217583
775,217779
776,217797
777,217832
778,217841
779,218515
780,219623
781,219808
782,219902
783,220026
784,220603
785,221312
786,221560
787,222145
788,222171
789,222184
790,222463
791,222493
792,222837
793,222839
794,223928
795,224395
796,224420
797,224499
798,224522
799,225037
800,225381
801,226204
802,227135
803,227255
804,227329
805,227518
806,227701
807,227754
808,227802
809,227886
810,228060
811,228604
812,228793
813,228812
814,228945
815,229134
816,229552
817,229556
818,231550
819,231731
820,231963
821,232042
822,232155
823,232307
824,232402
825,233294
826,233376
827,233478
828,233864
829,234208
830,234230
831,234299
832,234589
833,234725
834,234897
835,235750
836,235873
837,236058
838,236148
839,237066
840,237119
841,237332
842,237574
843,238663
844,238799
845,238820
846,239467
847,239510
848,239597
849,239676
850,239713
851,239886
852,239923
853,240029
854,240064
855,240096
856,240141
857,240338
858,240691
859,241076
860,241103
861,241304
862,242075
863,242363
864,242427
865,243910
866,244111
867,244372
868,244884
869,246579
870,246974
871,247348
872,247568
873,247701
874,247855
875,247948
876,247980
877,248183
878,248357
879,249320
880,250100
881,250937
882,250987
883,251267
884,251922
885,252362
886,252467
887,253581
888,253811
889,255839
890,255933
891,256081
892,256232
893,257164
894,257202
895,257262
896,257515
897,258697
898,258709
899,258734
900,259717
901,260023
902,261201
903,262577
904,262587
905,262744
906,263312
907,263564
908,263715
909,263840
910,264058
911,264103
912,265064
913,265191
914,265558
915,266670
916,266704
917,266871
918,267467
919,267744
920,269019
921,269556
922,270561
923,271857
924,271915
925,272009
926,273421
927,274169
928,274829
929,276206
930,277291
931,278332
932,278912
933,279110
934,280195
935,282131
936,282980
937,283083
938,283087
939,283374
940,283600
941,283657
942,283704
943,285213
944,285521
945,285587
946,285861
947,286303
948,286742
949,286868
950,287331
951,288058
952,288077
953,288662
954,288787
955,289309
956,290003
957,290248
958,290683
959,291992
960,293144
961,293289
962,295490
963,295629
964,295943
965,296890
966,297231
967,299086
968,299973
969,301216
970,302810
971,303788
972,304938
973,305091
974,306335
975,306362
976,306862
977,308409
978,308630
979,310716
980,311467
981,312515
982,312523
983,312563
984,312654
985,312928
986,315195
987,315502
988,316367
989,316587
990,317517
991,317622
992,317835
993,318518
994,319153
995,319185
996,319232
997,319645
998,319827
999,321496
1000,321884
1001,323193
1002,324029
1003,324160
1004,324707
1005,325950
1006,326107
1007,326620
1008,329109
1009,329919
1010,331113
1011,331409
1012,331572
1013,332511
1014,334608
1015,335092
1016,335251
1017,335880
1018,336312
1019,338138
1020,338139
1021,338484
1022,339645
1023,340907
1024,344397
1025,345326
1026,345882
1027,346289
1028,346588
1029,349248
1030,349425
1031,349850
1032,350045
1033,350242
1034,350493
1035,351092
1036,352683
1037,352699
1038,354271
1039,354316
1040,354364
1041,354395
1042,354654
1043,356171
1044,356720
1045,357910
1046,358583
1047,358705
1048,360730
1049,360872
1050,360991
1051,361903
1052,362061
1053,362236
1054,363383
1055,363638
1056,364371
1057,364474
1058,366861
1059,367302
1060,367485
1061,367506
1062,367950
1063,369141
1064,369332
1065,373970
1066,374082
1067,374362
1068,375925
1069,376068
1070,376595
1071,380438
1072,380895
1073,382382
1074,382612
1075,383501
1076,384227
1077,384851
1078,385383
1079,388244
1080,388351
1081,388402
1082,389863
1083,391917
1084,392067
1085,392722
1086,394267
1087,394943
1088,395203
1089,396243
1090,396848
1091,397099
1092,397816
1093,398124
1094,399912
1095,400715
1096,402681
1097,402927
1098,402949
1099,403875
1100,404780
1101,408956
1102,409061
1103,413085
1104,413260
1105,414861
1106,415166
1107,416217
1108,416748
1109,419692
1110,420031
1111,420867
1112,421656
1113,421742
1114,422384
1115,422665
1116,423227
1117,423487
1118,423958
1119,424583
1120,425372
1121,426785
1122,428420
1123,428880
1124,431066
1125,433821
1126,433991
1127,440453
1128,441764
1129,443780
1130,444719
1131,444848
1132,446557
1133,447393
1134,454661
1135,455320
1136,459624
1137,460023
1138,460306
1139,462410
1140,462995
1141,463306
1142,465842
1143,466689
1144,467554
1145,467659
1146,467974
1147,468002
1148,468565
1149,470678
1150,472122
1151,477279
1152,477697
1153,477834
1154,479577
1155,482412
1156,482916
1157,483461
1158,483896
1159,485171
1160,489397
1161,492039
1162,493134
1163,493258
1164,494742
1165,495966
1166,496140
1167,497193
1168,498396
1169,500227
1170,501143
1171,501636
1172,502694
1173,504187
1174,506804
1175,508838
1176,508851
1177,508924
1178,511055
1179,511585
1180,514794
1181,514813
1182,515369
1183,515632
1184,517080
1185,517668
1186,519249
1187,519756
1188,521952
1189,523778
1190,526282
1191,526799
1192,531119
1193,531328
1194,532211
1195,535536
1196,536620
1197,539385
1198,541363
1199,544734
1200,552433
1201,552647
1202,553886
1203,555327
1204,565307
1205,566614
1206,566690
1207,568649
1208,572791
1209,574863
1210,575482
1211,576124
1212,578062
1213,583486
1214,584907
1215,585157
1216,585798
1217,585944
1218,587022
1219,588032
1220,594832
1221,594903
1222,597281
1223,599328
1224,602317
1225,602507
1226,604338
1227,606390
1228,617792
1229,618628
1230,622147
1231,623594
1232,630749
1233,631459
1234,631499
1235,632133
1236,634606
1237,634940
1238,636074
1239,636231
1240,638434
1241,639233
1242,639869
1243,640215
1244,640296
1245,640366
1246,641161
1247,642317
1248,648871
1249,649498
1250,650087
1251,651116
1252,652205
1253,652552
1254,654279
1255,660555
1256,661831
1257,663687
1258,665540
1259,665870
1260,666315
1261,675147
1262,689850
1263,690830
1264,694269
1265,694295
1266,698658
1267,700321
1268,704556
1269,705855
1270,710548
1271,711264
1272,715705
1273,717212
1274,718137
1275,726525
1276,726866
1277,726990
1278,729216
1279,730316
1280,730928
1281,732435
1282,734137
1283,734228
1284,735988
1285,744534
1286,745243
1287,752808
1288,754687
1289,755171
1290,755370
1291,756299
1292,758634
1293,762760
1294,763055
1295,765757
1296,766077
1297,767475
1298,769656
1299,774861
1300,779578
1301,782184
1302,785060
1303,788755
1304,792726
1305,798254
1306,799313
1307,801580
1308,805116
1309,806953
1310,810704
1311,813445
1312,813954
1313,816200
1314,816253
1315,817969
1316,818707
1317,821070
1318,824032
1319,828320
1320,830526
1321,830807
1322,832242
1323,834529
1324,835071
1325,835483
1326,836336
1327,839895
1328,840740
1329,843583
1330,844555
1331,852090
1332,854693
1333,863870
1334,866039
1335,871111
1336,872180
1337,874014
1338,880767
1339,882730
1340,887900
1341,888184
1342,888848
1343,891225
1344,894693
1345,896461
1346,897903
1347,899992
1348,900604
1349,907995
1350,909816
1351,913893
1352,914319
1353,915418
1354,916753
1355,918630
1356,918652
1357,920354
1358,920624
1359,922538
1360,930818
1361,930940
1362,933239
1363,935021
1364,935297
1365,937900
1366,940337
1367,942156
1368,947925
1369,951661
1370,955478
1371,960591
1372,960712
1373,965450
1374,967056
1375,970553
1376,972716
1377,973160
1378,977675
1379,979236
1380,979523
1381,981369
1382,983329
1383,983753
1384,987549
1385,994454
1386,994599
1387,994609
1388,1002847
1389,1002924
1390,1007299
1391,1009722
1392,1012859
1393,1016128
1394,1016970
1395,1019569
1396,1027578
1397,1039453
1398,1040571
1399,1041042
1400,1042043
1401,1042488
1402,1045621
1403,1046810
1404,1050722
1405,1051656
1406,1053784
1407,1056325
1408,1065129
1409,1066933
1410,1072257
1411,1075127
1412,1078120
1413,1078646
1414,1088953
1415,1092863
1416,1093693
1417,1094649
1418,1095056
1419,1096110
1420,1099398
1421,1101324
1422,1103118
1423,1104556
1424,1105687
1425,1106384
1426,1109924
1427,1112347
1428,1115406
1429,1119866
1430,1120837
1431,1121003
1432,1125933
1433,1127416
1434,1133300
1435,1133494
1436,1136292
1437,1141215
1438,1146216
1439,1156090
1440,1157355
1441,1160246
1442,1163231
1443,1165584
1444,1169163
1445,1169695
1446,1176954
1447,1177025
1448,1177556
1449,1178316
1450,1181881
1451,1182355
1452,1182624
1453,1189492
1454,1190924
1455,1192757
1456,1193248
1457,1196069
1458,1199991
1459,1201195
1460,1208781
1461,1212701
1462,1213785
1463,1216837
1464,1218600
1465,1218881
1466,1221040
1467,1221163
1468,1221667
1469,1222570
1470,1222910
1471,1224410
1472,1227959
1473,1230079
1474,1231999
1475,1236515
1476,1249575
1477,1251938
1478,1255946
1479,1258439
1480,1268334
1481,1269130
1482,1272672
1483,1273007
1484,1274035
1485,1281212
1486,1281954
1487,1284092
1488,1286290
1489,1296005
1490,1298900
1491,1303328
1492,1305814
1493,1306267
1494,1307528
1495,1311789
1496,1312123
1497,1314514
1498,1314851
1499,1322579
1500,1328662
1501,1331309
1502,1333004
1503,1334941
1504,1338437
1505,1341505
1506,1347066
1507,1351310
1508,1353924
1509,1354841
1510,1358159
1511,1365210
1512,1366975
1513,1367653
1514,1370549
1515,1371652
1516,1373562
1517,1375533
1518,1377186
1519,1379693
1520,1382364
1521,1384163
1522,1392071
1523,1392995
1524,1402791
1525,1403661
1526,1406161
1527,1408295
1528,1415411
1529,1416939
1530,1419385
1531,1428231
1532,1428411
1533,1430789
1534,1436859
1535,1439545
1536,1441470
1537,1445152
1538,1446535
1539,1448478
1540,1450887
1541,1461955
1542,1465440
1543,1467964
1544,1468199
1545,1468753
1546,1470859
1547,1472735
1548,1477990
1549,1478434
1550,1488825
1551,1490946
1552,1494264
1553,1494356
1554,1495963
1555,1498997
1556,1506552
1557,1515532
1558,1532303
1559,1538835
1560,1548653
1561,1557689
1562,1557716
1563,1560218
1564,1560363
1565,1560753
1566,1562284
1567,1563336
1568,1563435
1569,1564113
1570,1569817
1571,1570049
1572,1570142
1573,1572231
1574,1576858
1575,1577797
1576,1578317
1577,1579427
1578,1590577
1579,1592290
1580,1594522
1581,1594854
1582,1598737
1583,1600227
1584,1605383
1585,1620312
1586,1630853
1587,1633068
1588,1634484
1589,1641282
1590,1642086
1591,1643778
1592,1646484
1593,1646955
1594,1660757
1595,1666769
1596,1671332
1597,1679586
1598,1681340
1599,1681592
1600,1698727
1601,1705894
1602,1725610
1603,1725844
1604,1732872
1605,1737650
1606,1739937
1607,1740620
1608,1742443
1609,1743314
1610,1752778
1611,1755252
1612,1755277
1613,1759726
1614,1766208
1615,1787493
1616,1808493
1617,1814697
1618,1820635
1619,1828912
1620,1830959
1621,1845225
1622,1847324
1623,1856887
1624,1859716
1625,1866536
1626,1866667
1627,1867447
1628,1884096
1629,1890738
1630,1897659
1631,1900074
1632,1912352
1633,1924696
1634,1926543
1635,1931907
1636,1934398
1637,1958012
1638,1960038
1639,1962991
1640,1964827
1641,1974141
1642,1976462
1643,1986484
1644,1999834
1645,2001168
1646,2015752
1647,2021867
1648,2034314
1649,2046359
1650,2055697
1651,2057813
1652,2063892
1653,2081083
1654,2099460
1655,2101670
1656,2105971
1657,2108436
1658,2117428
1659,2123469
1660,2125836
1661,2127492
1662,2144585
1663,2150328
1664,2152056
